binary,log_path,io_rw,io_meta,net_total,net_ipv4,net_ipv6,net_unix,mem_mgmt,process_create,execve,priv_ctrl,errno_total,errno_perm,errno_enoent,touch_sensitive,w_x_transition,uses_unlink,duration,rate_cps,err_rate,net_ratio
Rscript.strace,strace_logs/Rscript.strace.log,6.0,8.0,0.0,0.0,0.0,0.0,16.0,0.0,1.0,0.0,0.0,0.0,0.0,1.0,0.0,0.0,0.008538961410522461,3631.4180929778026,0.0,0.0
Xvfb.strace,strace_logs/Xvfb.strace.log,481.0,460.0,6.0,1.0,0.0,8.0,430.0,1.0,2.0,7.0,0.0,0.0,0.0,1.0,0.0,1.0,1.220350980758667,1144.9331979166645,0.0,0.012875536480686695
[.strace,strace_logs/[.strace.log,10.0,19.0,0.0,0.0,0.0,0.0,17.0,0.0,1.0,0.0,0.0,0.0,0.0,1.0,0.0,0.0,0.012310981750488281,3818.7296459834224,0.0,0.0
acyclic.strace,strace_logs/acyclic.strace.log,8.0,14.0,0.0,0.0,0.0,0.0,26.0,0.0,1.0,0.0,0.0,0.0,0.0,1.0,0.0,0.0,0.030675888061523438,1598.3457688242243,0.0,0.0
addpart.strace,strace_logs/addpart.strace.log,11.0,17.0,0.0,0.0,0.0,0.0,17.0,0.0,1.0,0.0,0.0,0.0,0.0,1.0,0.0,0.0,0.010570049285888672,4352.919159110389,0.0,0.0
ambiguous_words.strace,strace_logs/ambiguous_words.strace.log,32.0,89.0,0.0,0.0,0.0,0.0,165.0,0.0,1.0,0.0,0.0,0.0,0.0,1.0,0.0,0.0,0.05349397659301758,5366.090020947542,0.0,0.0
apt-cache.strace,strace_logs/apt-cache.strace.log,70.0,105.0,0.0,0.0,0.0,0.0,117.0,0.0,1.0,6.0,0.0,0.0,0.0,1.0,0.0,0.0,0.06235098838806152,4796.43320370604,0.0,0.0
apt-cdrom.strace,strace_logs/apt-cdrom.strace.log,65.0,105.0,0.0,0.0,0.0,0.0,117.0,0.0,1.0,6.0,0.0,0.0,0.0,1.0,0.0,0.0,0.06621909141540527,4440.807217463626,0.0,0.0
apt-config.strace,strace_logs/apt-config.strace.log,65.0,105.0,0.0,0.0,0.0,0.0,117.0,0.0,1.0,6.0,0.0,0.0,0.0,1.0,0.0,0.0,0.0654759407043457,4491.198946931463,0.0,0.0
apt-extracttemplates.strace,strace_logs/apt-extracttemplates.strace.log,61.0,109.0,0.0,0.0,0.0,0.0,117.0,0.0,1.0,6.0,0.0,0.0,0.0,1.0,0.0,0.0,0.06447005271911621,4561.256857255914,0.0,0.0
apt-ftparchive.strace,strace_logs/apt-ftparchive.strace.log,56.0,100.0,0.0,0.0,0.0,0.0,120.0,0.0,1.0,6.0,0.0,0.0,0.0,1.0,0.0,0.0,0.06581497192382812,4300.933460847389,0.0,0.0
apt-get.strace,strace_logs/apt-get.strace.log,80.0,105.0,0.0,0.0,0.0,0.0,117.0,0.0,1.0,6.0,0.0,0.0,0.0,1.0,0.0,0.0,0.06556105613708496,4714.163853765505,0.0,0.0
apt-mark.strace,strace_logs/apt-mark.strace.log,71.0,105.0,0.0,0.0,0.0,0.0,117.0,0.0,1.0,6.0,0.0,0.0,0.0,1.0,0.0,0.0,0.05866408348083496,5114.861535022657,0.0,0.0
apt-sortpkgs.strace,strace_logs/apt-sortpkgs.strace.log,61.0,109.0,0.0,0.0,0.0,0.0,117.0,0.0,1.0,6.0,0.0,0.0,0.0,1.0,0.0,0.0,0.0531461238861084,5532.9180121214295,0.0,0.0
apt.strace,strace_logs/apt.strace.log,75.0,105.0,0.0,0.0,0.0,0.0,116.0,0.0,1.0,6.0,0.0,0.0,0.0,1.0,0.0,0.0,0.06557989120483398,4621.31873541238,0.0,0.0
arch.strace,strace_logs/arch.strace.log,6.0,13.0,0.0,0.0,0.0,0.0,17.0,0.0,1.0,0.0,0.0,0.0,0.0,1.0,0.0,0.0,0.010464906692504883,3536.626364112729,0.0,0.0
b2sum.strace,strace_logs/b2sum.strace.log,7.0,15.0,0.0,0.0,0.0,0.0,17.0,0.0,1.0,0.0,0.0,0.0,0.0,1.0,0.0,0.0,0.009796857833862305,4083.9417634031784,0.0,0.0
base32.strace,strace_logs/base32.strace.log,6.0,14.0,0.0,0.0,0.0,0.0,17.0,0.0,1.0,0.0,0.0,0.0,0.0,1.0,0.0,0.0,0.011940956115722656,3183.3247344461306,0.0,0.0
base64.strace,strace_logs/base64.strace.log,6.0,14.0,0.0,0.0,0.0,0.0,17.0,0.0,1.0,0.0,0.0,0.0,0.0,1.0,0.0,0.0,0.009608030319213867,3956.024988213107,0.0,0.0
basename.strace,strace_logs/basename.strace.log,11.0,19.0,0.0,0.0,0.0,0.0,17.0,0.0,1.0,0.0,0.0,0.0,0.0,1.0,0.0,0.0,0.010287046432495117,4667.062345006605,0.0,0.0
basenc.strace,strace_logs/basenc.strace.log,11.0,19.0,0.0,0.0,0.0,0.0,17.0,0.0,1.0,0.0,0.0,0.0,0.0,1.0,0.0,0.0,0.010827064514160156,4434.334625209196,0.0,0.0
bash.strace,strace_logs/bash.strace.log,7.0,21.0,0.0,0.0,0.0,0.0,23.0,0.0,1.0,0.0,0.0,0.0,0.0,1.0,0.0,0.0,0.02089405059814453,2489.7467250901454,0.0,0.0
bc.strace,strace_logs/bc.strace.log,8.0,13.0,0.0,0.0,0.0,0.0,28.0,0.0,1.0,0.0,0.0,0.0,0.0,1.0,0.0,0.0,0.010831117630004883,4617.328776772546,0.0,0.0
bcomps.strace,strace_logs/bcomps.strace.log,8.0,14.0,0.0,0.0,0.0,0.0,26.0,0.0,1.0,0.0,0.0,0.0,0.0,1.0,0.0,0.0,0.025508880615234375,1921.8996560490505,0.0,0.0
bootctl.strace,strace_logs/bootctl.strace.log,35.0,107.0,0.0,0.0,0.0,0.0,134.0,0.0,1.0,6.0,0.0,0.0,0.0,1.0,0.0,0.0,0.04953193664550781,5714.485463437175,0.0,0.0
bunzip2.strace,strace_logs/bunzip2.strace.log,11.0,11.0,0.0,0.0,0.0,0.0,21.0,0.0,1.0,0.0,0.0,0.0,0.0,1.0,0.0,0.0,0.01687908172607422,2607.77688004972,0.0,0.0
busctl.strace,strace_logs/busctl.strace.log,27.0,91.0,6.0,0.0,0.0,2.0,134.0,0.0,1.0,6.0,0.0,0.0,0.0,1.0,0.0,0.0,0.19439005851745605,1374.5270313529106,0.0,0.061855670103092786
bzcat.strace,strace_logs/bzcat.strace.log,11.0,11.0,0.0,0.0,0.0,0.0,21.0,0.0,1.0,0.0,0.0,0.0,0.0,1.0,0.0,0.0,0.009289026260375977,4737.772054105388,0.0,0.0
bzip2.strace,strace_logs/bzip2.strace.log,8.0,13.0,0.0,0.0,0.0,0.0,27.0,0.0,1.0,0.0,0.0,0.0,0.0,1.0,0.0,0.0,0.011249065399169922,4356.917426137086,0.0,0.0
bzip2recover.strace,strace_logs/bzip2recover.strace.log,8.0,7.0,0.0,0.0,0.0,0.0,14.0,0.0,1.0,0.0,0.0,0.0,0.0,1.0,0.0,0.0,0.02526998519897461,1188.1791678460231,0.0,0.0
cat.strace,strace_logs/cat.strace.log,6.0,15.0,0.0,0.0,0.0,0.0,19.0,0.0,1.0,0.0,0.0,0.0,0.0,1.0,0.0,0.0,0.02090907096862793,1961.871435250117,0.0,0.0
catman.strace,strace_logs/catman.strace.log,294.0,342.0,0.0,1.0,0.0,0.0,458.0,22.0,23.0,0.0,0.0,0.0,0.0,1.0,0.0,0.0,0.7919840812683105,1440.4228709425129,0.0,0.0
ccomps.strace,strace_logs/ccomps.strace.log,8.0,14.0,0.0,0.0,0.0,0.0,26.0,0.0,1.0,0.0,0.0,0.0,0.0,1.0,0.0,0.0,0.009206056594848633,5323.582964286639,0.0,0.0
chage.strace,strace_logs/chage.strace.log,25.0,35.0,1.0,0.0,0.0,0.0,41.0,0.0,1.0,0.0,0.0,0.0,0.0,1.0,0.0,0.0,0.02291107177734375,4496.643023643023,0.0,0.027777777777777776
chattr.strace,strace_logs/chattr.strace.log,10.0,23.0,0.0,0.0,0.0,0.0,28.0,0.0,1.0,0.0,0.0,0.0,0.0,1.0,0.0,0.0,0.013895988464355469,4462.719305469769,0.0,0.0
chcon.strace,strace_logs/chcon.strace.log,15.0,29.0,0.0,0.0,0.0,0.0,29.0,0.0,1.0,0.0,0.0,0.0,0.0,1.0,0.0,0.0,0.017048120498657227,4341.654443745193,0.0,0.0
chfn.strace,strace_logs/chfn.strace.log,75.0,188.0,14.0,0.0,0.0,7.0,171.0,4.0,6.0,7.0,0.0,0.0,0.0,1.0,0.0,1.0,0.11343097686767578,4162.120824610522,0.0,0.06930693069306931
chgrp.strace,strace_logs/chgrp.strace.log,11.0,19.0,0.0,0.0,0.0,0.0,17.0,0.0,1.0,0.0,0.0,0.0,0.0,1.0,0.0,0.0,0.010442018508911133,4597.812384409891,0.0,0.0
chmod.strace,strace_logs/chmod.strace.log,11.0,19.0,0.0,0.0,0.0,0.0,17.0,0.0,1.0,0.0,0.0,0.0,0.0,1.0,0.0,0.0,0.009027957916259766,5317.816986214546,0.0,0.0
choom.strace,strace_logs/choom.strace.log,11.0,19.0,0.0,0.0,0.0,0.0,17.0,0.0,1.0,0.0,0.0,0.0,0.0,1.0,0.0,0.0,0.012105941772460938,3965.9951158027416,0.0,0.0
chown.strace,strace_logs/chown.strace.log,11.0,19.0,0.0,0.0,0.0,0.0,17.0,0.0,1.0,0.0,0.0,0.0,0.0,1.0,0.0,0.0,0.010445117950439453,4596.448345126683,0.0,0.0
chrt.strace,strace_logs/chrt.strace.log,11.0,19.0,0.0,0.0,0.0,0.0,17.0,0.0,1.0,0.0,0.0,0.0,0.0,1.0,0.0,0.0,0.013740062713623047,3494.433836543467,0.0,0.0
chsh.strace,strace_logs/chsh.strace.log,74.0,201.0,14.0,0.0,0.0,7.0,177.0,5.0,6.0,7.0,0.0,0.0,0.0,1.0,0.0,1.0,0.12669801712036133,3876.356624828287,0.0,0.06511627906976744
cksum.strace,strace_logs/cksum.strace.log,7.0,15.0,0.0,0.0,0.0,0.0,17.0,0.0,1.0,0.0,0.0,0.0,0.0,1.0,0.0,0.0,0.017086029052734375,2342.093994195133,0.0,0.0
classifier_tester.strace,strace_logs/classifier_tester.strace.log,32.0,89.0,0.0,0.0,0.0,0.0,166.0,0.0,1.0,0.0,0.0,0.0,0.0,1.0,0.0,0.0,0.13100004196166992,2199.472578232209,0.0,0.0
clear.strace,strace_logs/clear.strace.log,9.0,20.0,0.0,0.0,0.0,0.0,21.0,0.0,1.0,0.0,0.0,0.0,0.0,1.0,0.0,0.0,0.012459993362426758,4094.1000937601652,0.0,0.0
clear_console.strace,strace_logs/clear_console.strace.log,7.0,13.0,0.0,0.0,0.0,0.0,19.0,0.0,1.0,0.0,0.0,0.0,0.0,1.0,0.0,0.0,0.009990930557250977,4004.6310702780097,0.0,0.0
clinfo.strace,strace_logs/clinfo.strace.log,8.0,15.0,0.0,0.0,0.0,0.0,26.0,0.0,1.0,0.0,0.0,0.0,0.0,1.0,0.0,0.0,0.01369786262512207,3651.2045149948653,0.0,0.0
cluster.strace,strace_logs/cluster.strace.log,13.0,29.0,0.0,0.0,0.0,0.0,54.0,0.0,1.0,0.0,0.0,0.0,0.0,1.0,0.0,0.0,0.016440868377685547,5900.9316685518725,0.0,0.0
cmake.strace,strace_logs/cmake.strace.log,51.0,161.0,0.0,0.0,0.0,0.0,276.0,0.0,1.0,0.0,0.0,0.0,0.0,1.0,0.0,1.0,0.1186380386352539,4122.780886005739,0.0,0.0
cmp.strace,strace_logs/cmp.strace.log,15.0,19.0,0.0,0.0,0.0,0.0,19.0,0.0,1.0,0.0,0.0,0.0,0.0,1.0,0.0,0.0,0.015276908874511719,3535.746488544853,0.0,0.0
cntraining.strace,strace_logs/cntraining.strace.log,32.0,89.0,0.0,0.0,0.0,0.0,166.0,0.0,1.0,0.0,0.0,0.0,0.0,1.0,0.0,0.0,0.060044050216674805,4797.478567996728,0.0,0.0
col.strace,strace_logs/col.strace.log,6.0,16.0,0.0,0.0,0.0,0.0,18.0,0.0,1.0,0.0,0.0,0.0,0.0,1.0,0.0,0.0,0.03504800796508789,1170.823975184011,0.0,0.0
colcrt.strace,strace_logs/colcrt.strace.log,6.0,16.0,0.0,0.0,0.0,0.0,18.0,0.0,1.0,0.0,0.0,0.0,0.0,1.0,0.0,0.0,0.009401798248291016,4361.867880509205,0.0,0.0
colrm.strace,strace_logs/colrm.strace.log,6.0,16.0,0.0,0.0,0.0,0.0,18.0,0.0,1.0,0.0,0.0,0.0,0.0,1.0,0.0,0.0,0.02640700340270996,1553.6184237849745,0.0,0.0
column.strace,strace_logs/column.strace.log,7.0,19.0,0.0,0.0,0.0,0.0,24.0,0.0,1.0,0.0,0.0,0.0,0.0,1.0,0.0,0.0,0.011514902114868164,4430.043294614572,0.0,0.0
combine_lang_model.strace,strace_logs/combine_lang_model.strace.log,33.0,92.0,0.0,0.0,0.0,0.0,171.0,0.0,1.0,0.0,0.0,0.0,0.0,1.0,0.0,0.0,0.049421072006225586,6010.582308586646,0.0,0.0
combine_tessdata.strace,strace_logs/combine_tessdata.strace.log,32.0,89.0,0.0,0.0,0.0,0.0,165.0,0.0,1.0,0.0,0.0,0.0,0.0,1.0,0.0,0.0,0.04627108573913574,6203.577601442741,0.0,0.0
comm.strace,strace_logs/comm.strace.log,11.0,19.0,0.0,0.0,0.0,0.0,17.0,0.0,1.0,0.0,0.0,0.0,0.0,1.0,0.0,0.0,0.01063680648803711,4513.6326265297885,0.0,0.0
cp.strace,strace_logs/cp.strace.log,17.0,36.0,0.0,0.0,0.0,0.0,40.0,0.0,1.0,0.0,0.0,0.0,0.0,1.0,0.0,0.0,0.020509004592895508,4584.352623196662,0.0,0.0
cpack.strace,strace_logs/cpack.strace.log,113.0,284.0,0.0,0.0,0.0,0.0,347.0,1.0,1.0,0.0,0.0,0.0,0.0,1.0,0.0,1.0,0.3283970355987549,2272.640481284626,0.0,0.0
csplit.strace,strace_logs/csplit.strace.log,11.0,19.0,0.0,0.0,0.0,0.0,17.0,0.0,1.0,0.0,0.0,0.0,0.0,1.0,0.0,0.0,0.012791872024536133,3753.3827558570815,0.0,0.0
ctest.strace,strace_logs/ctest.strace.log,52.0,160.0,0.0,0.0,0.0,0.0,282.0,0.0,1.0,0.0,0.0,0.0,0.0,1.0,0.0,1.0,0.20869684219360352,2372.8614752244275,0.0,0.0
curl.strace,strace_logs/curl.strace.log,107.0,119.0,4.0,0.0,0.0,4.0,192.0,0.0,1.0,0.0,0.0,0.0,0.0,1.0,0.0,0.0,0.1782841682434082,2396.0528204895036,0.0,0.032520325203252036
cut.strace,strace_logs/cut.strace.log,11.0,19.0,0.0,0.0,0.0,0.0,17.0,0.0,1.0,0.0,0.0,0.0,0.0,1.0,0.0,0.0,0.011381149291992188,4218.500251382604,0.0,0.0
cvtsudoers.strace,strace_logs/cvtsudoers.strace.log,16.0,45.0,0.0,0.0,0.0,0.0,23.0,0.0,1.0,0.0,0.0,0.0,0.0,1.0,0.0,0.0,0.029040098190307617,2927.9873484232735,0.0,0.0
dash.strace,strace_logs/dash.strace.log,6.0,9.0,0.0,0.0,0.0,0.0,16.0,0.0,1.0,0.0,0.0,0.0,0.0,1.0,0.0,0.0,0.013035058975219727,2455.9179302397893,0.0,0.0
date.strace,strace_logs/date.strace.log,8.0,17.0,0.0,0.0,0.0,0.0,17.0,0.0,1.0,0.0,0.0,0.0,0.0,1.0,0.0,0.0,0.009302139282226562,4623.592577404142,0.0,0.0
dawg2wordlist.strace,strace_logs/dawg2wordlist.strace.log,33.0,88.0,0.0,0.0,0.0,0.0,165.0,0.0,1.0,0.0,0.0,0.0,0.0,1.0,0.0,0.0,0.04891777038574219,5867.9885756618705,0.0,0.0
dbus-cleanup-sockets.strace,strace_logs/dbus-cleanup-sockets.strace.log,6.0,11.0,0.0,0.0,0.0,0.0,16.0,0.0,1.0,0.0,0.0,0.0,0.0,1.0,0.0,0.0,0.009918928146362305,3428.7897267024014,0.0,0.0
dbus-daemon.strace,strace_logs/dbus-daemon.strace.log,23.0,55.0,0.0,0.0,0.0,0.0,99.0,0.0,1.0,6.0,0.0,0.0,0.0,1.0,0.0,0.0,0.03558707237243652,5171.416888311236,0.0,0.0
dbus-monitor.strace,strace_logs/dbus-monitor.strace.log,14.0,31.0,0.0,0.0,0.0,0.0,64.0,0.0,1.0,6.0,0.0,0.0,0.0,1.0,0.0,0.0,0.030752182006835938,3773.090057681573,0.0,0.0
dbus-run-session.strace,strace_logs/dbus-run-session.strace.log,14.0,31.0,0.0,0.0,0.0,0.0,64.0,0.0,1.0,6.0,0.0,0.0,0.0,1.0,0.0,0.0,0.02760910987854004,4202.511765874216,0.0,0.0
dbus-send.strace,strace_logs/dbus-send.strace.log,14.0,31.0,0.0,0.0,0.0,0.0,64.0,0.0,1.0,6.0,0.0,0.0,0.0,1.0,0.0,0.0,0.018786907196044922,6175.512855656235,0.0,0.0
dbus-update-activation-environment.strace,strace_logs/dbus-update-activation-environment.strace.log,14.0,31.0,0.0,0.0,0.0,0.0,64.0,0.0,1.0,6.0,0.0,0.0,0.0,1.0,0.0,0.0,0.05762815475463867,2013.9049853129784,0.0,0.0
dbus-uuidgen.strace,strace_logs/dbus-uuidgen.strace.log,15.0,34.0,0.0,0.0,0.0,0.0,64.0,0.0,1.0,6.0,0.0,0.0,0.0,1.0,0.0,0.0,0.02122187614440918,5655.5424722787075,0.0,0.0
dd.strace,strace_logs/dd.strace.log,11.0,20.0,0.0,0.0,0.0,0.0,17.0,0.0,1.0,0.0,0.0,0.0,0.0,1.0,0.0,0.0,0.019700050354003906,2488.3032870213488,0.0,0.0
delpart.strace,strace_logs/delpart.strace.log,11.0,17.0,0.0,0.0,0.0,0.0,17.0,0.0,1.0,0.0,0.0,0.0,0.0,1.0,0.0,0.0,0.009938955307006836,4629.253028522081,0.0,0.0
delv.strace,strace_logs/delv.strace.log,85.0,130.0,17.0,9.0,0.0,0.0,300.0,0.0,1.0,0.0,0.0,0.0,0.0,1.0,0.0,1.0,0.15497803688049316,3498.2697480866123,0.0,0.11564625850340136
derb.strace,strace_logs/derb.strace.log,13.0,31.0,0.0,0.0,0.0,0.0,65.0,0.0,1.0,0.0,0.0,0.0,0.0,1.0,0.0,0.0,0.02021193504333496,5443.328988498968,0.0,0.0
df.strace,strace_logs/df.strace.log,15.0,43.0,0.0,0.0,0.0,0.0,18.0,0.0,1.0,0.0,0.0,0.0,0.0,1.0,0.0,0.0,0.01830291748046875,4207.979574822843,0.0,0.0
diff.strace,strace_logs/diff.strace.log,15.0,19.0,0.0,0.0,0.0,0.0,19.0,0.0,1.0,0.0,0.0,0.0,0.0,1.0,0.0,0.0,0.015207052230834961,3551.984055312544,0.0,0.0
diff3.strace,strace_logs/diff3.strace.log,15.0,19.0,0.0,0.0,0.0,0.0,19.0,0.0,1.0,0.0,0.0,0.0,0.0,1.0,0.0,0.0,0.011956930160522461,4517.209367709517,0.0,0.0
diffimg.strace,strace_logs/diffimg.strace.log,30.0,79.0,0.0,0.0,0.0,0.0,149.0,0.0,1.0,0.0,0.0,0.0,0.0,1.0,0.0,0.0,0.04678201675415039,5537.315404295223,0.0,0.0
dig.strace,strace_logs/dig.strace.log,55.0,131.0,12.0,6.0,2.0,1.0,239.0,0.0,1.0,0.0,0.0,0.0,0.0,1.0,0.0,0.0,0.13057184219360352,3424.402722136808,0.0,0.08391608391608392
dijkstra.strace,strace_logs/dijkstra.strace.log,9.0,14.0,0.0,0.0,0.0,0.0,26.0,0.0,1.0,0.0,0.0,0.0,0.0,1.0,0.0,0.0,0.009496927261352539,5265.860793814174,0.0,0.0
dir.strace,strace_logs/dir.strace.log,10.0,26.0,0.0,0.0,0.0,0.0,29.0,0.0,1.0,0.0,0.0,0.0,0.0,1.0,0.0,0.0,0.015325069427490234,4307.668906935499,0.0,0.0
dircolors.strace,strace_logs/dircolors.strace.log,6.0,16.0,0.0,0.0,0.0,0.0,18.0,0.0,1.0,0.0,0.0,0.0,0.0,1.0,0.0,0.0,0.012877941131591797,3184.738734402192,0.0,0.0
dirmngr-client.strace,strace_logs/dirmngr-client.strace.log,92.0,172.0,11.0,3.0,0.0,7.0,225.0,2.0,2.0,0.0,0.0,0.0,0.0,1.0,0.0,1.0,0.14990520477294922,3429.8335803851464,0.0,0.060109289617486336
dirmngr.strace,strace_logs/dirmngr.strace.log,72.0,98.0,3.0,3.0,0.0,0.0,184.0,0.0,1.0,0.0,0.0,0.0,0.0,1.0,0.0,0.0,0.36432313919067383,991.8785942115671,0.0,0.0297029702970297
dirname.strace,strace_logs/dirname.strace.log,11.0,19.0,0.0,0.0,0.0,0.0,17.0,0.0,1.0,0.0,0.0,0.0,0.0,1.0,0.0,0.0,0.010618925094604492,4521.231527425402,0.0,0.0
dmesg.strace,strace_logs/dmesg.strace.log,16.0,20.0,0.0,0.0,0.0,0.0,25.0,0.0,1.0,0.0,0.0,0.0,0.0,1.0,0.0,0.0,0.031311988830566406,1981.0722443882678,0.0,0.0
dot_builtins.strace,strace_logs/dot_builtins.strace.log,110.0,228.0,0.0,0.0,0.0,0.0,371.0,0.0,1.0,0.0,0.0,0.0,0.0,1.0,0.0,0.0,0.14749789237976074,4814.62810372892,0.0,0.0
dpkg-deb.strace,strace_logs/dpkg-deb.strace.log,12.0,29.0,0.0,0.0,0.0,0.0,38.0,0.0,1.0,0.0,0.0,0.0,0.0,1.0,0.0,0.0,0.017917871475219727,4465.816041941107,0.0,0.0
dpkg-divert.strace,strace_logs/dpkg-divert.strace.log,14.0,32.0,0.0,0.0,0.0,0.0,41.0,0.0,1.0,0.0,0.0,0.0,0.0,1.0,0.0,0.0,0.03852105140686035,2285.4651634905213,0.0,0.0
dpkg-query.strace,strace_logs/dpkg-query.strace.log,8.0,18.0,0.0,0.0,0.0,0.0,17.0,0.0,1.0,0.0,0.0,0.0,0.0,1.0,0.0,0.0,0.010509014129638672,4187.881800444667,0.0,0.0
dpkg-split.strace,strace_logs/dpkg-split.strace.log,8.0,17.0,0.0,0.0,0.0,0.0,17.0,0.0,1.0,0.0,0.0,0.0,0.0,1.0,0.0,0.0,0.01905989646911621,2257.0458326557673,0.0,0.0
dpkg-statoverride.strace,strace_logs/dpkg-statoverride.strace.log,12.0,27.0,0.0,0.0,0.0,0.0,29.0,0.0,1.0,0.0,0.0,0.0,0.0,1.0,0.0,0.0,0.017416000366210938,3962.874055415617,0.0,0.0
dpkg-trigger.strace,strace_logs/dpkg-trigger.strace.log,8.0,17.0,0.0,0.0,0.0,0.0,17.0,0.0,1.0,0.0,0.0,0.0,0.0,1.0,0.0,0.0,0.010529041290283203,4084.942575064535,0.0,0.0
dpkg.strace,strace_logs/dpkg.strace.log,18.0,40.0,0.0,0.0,0.0,0.0,29.0,0.0,1.0,1.0,0.0,0.0,0.0,1.0,0.0,0.0,0.021348953247070312,4169.822657017779,0.0,0.0
du.strace,strace_logs/du.strace.log,12.0,191.0,0.0,0.0,0.0,0.0,17.0,0.0,1.0,0.0,0.0,0.0,0.0,1.0,0.0,0.0,0.05336594581604004,4142.217711418781,0.0,0.0
echo.strace,strace_logs/echo.strace.log,6.0,13.0,0.0,0.0,0.0,0.0,17.0,0.0,1.0,0.0,0.0,0.0,0.0,1.0,0.0,0.0,0.008797168731689453,4206.898639492655,0.0,0.0
edgepaint.strace,strace_logs/edgepaint.strace.log,10.0,20.0,0.0,0.0,0.0,0.0,36.0,0.0,1.0,0.0,0.0,0.0,0.0,1.0,0.0,0.0,0.011880874633789062,5640.3154599454165,0.0,0.0
env.strace,strace_logs/env.strace.log,6.0,13.0,0.0,0.0,0.0,0.0,17.0,0.0,1.0,0.0,0.0,0.0,0.0,1.0,0.0,0.0,0.00937509536743164,3947.6265195056203,0.0,0.0
eqn.strace,strace_logs/eqn.strace.log,12.0,23.0,0.0,0.0,0.0,0.0,34.0,0.0,1.0,0.0,0.0,0.0,0.0,1.0,0.0,0.0,0.016112089157104492,4345.5638437976295,0.0,0.0
errno.strace,strace_logs/errno.strace.log,5.0,10.0,0.0,0.0,0.0,0.0,17.0,0.0,1.0,0.0,0.0,0.0,0.0,1.0,0.0,0.0,0.013696908950805664,2410.302720673989,0.0,0.0
expand.strace,strace_logs/expand.strace.log,6.0,14.0,0.0,0.0,0.0,0.0,17.0,0.0,1.0,0.0,0.0,0.0,0.0,1.0,0.0,0.0,0.008985042572021484,4230.250968529427,0.0,0.0
expiry.strace,strace_logs/expiry.strace.log,12.0,19.0,0.0,0.0,0.0,0.0,17.0,0.0,1.0,0.0,0.0,0.0,0.0,1.0,0.0,0.0,0.012520790100097656,3914.491050346561,0.0,0.0
expr.strace,strace_logs/expr.strace.log,12.0,22.0,0.0,0.0,0.0,0.0,22.0,0.0,1.0,0.0,0.0,0.0,0.0,1.0,0.0,0.0,0.02192091941833496,2601.255897675734,0.0,0.0
factor.strace,strace_logs/factor.strace.log,7.0,16.0,0.0,0.0,0.0,0.0,22.0,0.0,1.0,0.0,0.0,0.0,0.0,1.0,0.0,0.0,0.01059103012084961,4344.298005492774,0.0,0.0
faillog.strace,strace_logs/faillog.strace.log,10.0,24.0,0.0,0.0,0.0,0.0,17.0,0.0,1.0,0.0,0.0,0.0,0.0,1.0,0.0,0.0,0.016538143157958984,3145.2465761323992,0.0,0.0
fallocate.strace,strace_logs/fallocate.strace.log,10.0,19.0,0.0,0.0,0.0,0.0,17.0,0.0,1.0,0.0,0.0,0.0,0.0,1.0,0.0,0.0,0.011245965957641602,4180.276389153893,0.0,0.0
false.strace,strace_logs/false.strace.log,5.0,7.0,0.0,0.0,0.0,0.0,14.0,0.0,1.0,0.0,0.0,0.0,0.0,1.0,0.0,0.0,0.014921903610229492,1810.4206145046096,0.0,0.0
fc-cache.strace,strace_logs/fc-cache.strace.log,105.0,407.0,0.0,0.0,0.0,0.0,73.0,0.0,1.0,0.0,0.0,0.0,0.0,1.0,0.0,1.0,0.23250603675842285,2521.3646673865182,0.0,0.0
fc-cat.strace,strace_logs/fc-cat.strace.log,113.0,404.0,0.0,0.0,0.0,0.0,73.0,0.0,1.0,0.0,0.0,0.0,0.0,1.0,0.0,0.0,0.37772107124328613,1565.646626820941,0.0,0.0
fc-conflist.strace,strace_logs/fc-conflist.strace.log,103.0,365.0,0.0,0.0,0.0,0.0,73.0,0.0,1.0,0.0,0.0,0.0,0.0,1.0,0.0,0.0,0.1518688201904297,3569.8694975070016,0.0,0.0
fc-list.strace,strace_logs/fc-list.strace.log,101.0,354.0,0.0,0.0,0.0,0.0,73.0,0.0,1.0,0.0,0.0,0.0,0.0,1.0,0.0,0.0,0.10082197189331055,5247.872185358425,0.0,0.0
fc-match.strace,strace_logs/fc-match.strace.log,101.0,354.0,0.0,0.0,0.0,0.0,73.0,0.0,1.0,0.0,0.0,0.0,0.0,1.0,0.0,0.0,0.10158109664916992,5208.661833254315,0.0,0.0
fc-pattern.strace,strace_logs/fc-pattern.strace.log,15.0,38.0,0.0,0.0,0.0,0.0,68.0,0.0,1.0,0.0,0.0,0.0,0.0,1.0,0.0,0.0,0.021722078323364258,5617.405492322383,0.0,0.0
fc-query.strace,strace_logs/fc-query.strace.log,24.0,44.0,0.0,0.0,0.0,0.0,68.0,0.0,1.0,0.0,0.0,0.0,0.0,1.0,0.0,0.0,0.021216869354248047,6458.126059107765,0.0,0.0
fc-scan.strace,strace_logs/fc-scan.strace.log,23.0,44.0,0.0,0.0,0.0,0.0,68.0,0.0,1.0,0.0,0.0,0.0,0.0,1.0,0.0,0.0,0.026234865188598633,5184.94125612294,0.0,0.0
fc-validate.strace,strace_logs/fc-validate.strace.log,24.0,44.0,0.0,0.0,0.0,0.0,68.0,0.0,1.0,0.0,0.0,0.0,0.0,1.0,0.0,0.0,0.05180096626281738,2645.7383105735285,0.0,0.0
ffmpeg.strace,strace_logs/ffmpeg.strace.log,232.0,683.0,0.0,0.0,0.0,0.0,1214.0,0.0,1.0,6.0,0.0,0.0,0.0,1.0,0.0,0.0,1.06358003616333,2009.3114832666738,0.0,0.0
ffplay.strace,strace_logs/ffplay.strace.log,224.0,679.0,0.0,0.0,0.0,0.0,1215.0,0.0,1.0,6.0,0.0,0.0,0.0,1.0,0.0,0.0,1.0961580276489258,1939.5890960975462,0.0,0.0
ffprobe.strace,strace_logs/ffprobe.strace.log,233.0,684.0,0.0,0.0,0.0,0.0,1215.0,0.0,1.0,6.0,0.0,0.0,0.0,1.0,0.0,0.0,0.4398078918457031,4864.487080742109,0.0,0.0
filan.strace,strace_logs/filan.strace.log,8.0,1052.0,54.0,0.0,0.0,5.0,16.0,0.0,1.0,0.0,0.0,0.0,0.0,1.0,0.0,0.0,0.1835930347442627,6188.598574109305,0.0,0.048824593128390596
file.strace,strace_logs/file.strace.log,12.0,32.0,0.0,0.0,0.0,0.0,40.0,0.0,1.0,0.0,0.0,0.0,0.0,1.0,0.0,0.0,0.0218660831451416,3888.298856214495,0.0,0.0
fincore.strace,strace_logs/fincore.strace.log,12.0,22.0,0.0,0.0,0.0,0.0,23.0,0.0,1.0,0.0,0.0,0.0,0.0,1.0,0.0,0.0,0.012333154678344727,4703.770824875795,0.0,0.0
find.strace,strace_logs/find.strace.log,12.0,87.0,0.0,0.0,0.0,0.0,29.0,0.0,1.0,0.0,0.0,0.0,0.0,1.0,0.0,0.0,0.04000401496887207,3225.676325623253,0.0,0.0
findmnt.strace,strace_logs/findmnt.strace.log,24.0,48.0,0.0,0.0,0.0,0.0,55.0,0.0,1.0,0.0,0.0,0.0,0.0,1.0,0.0,0.0,0.02639913558959961,4849.643606740964,0.0,0.0
flock.strace,strace_logs/flock.strace.log,11.0,19.0,0.0,0.0,0.0,0.0,17.0,0.0,1.0,0.0,0.0,0.0,0.0,1.0,0.0,0.0,0.011343955993652344,4232.328121059269,0.0,0.0
fmt.strace,strace_logs/fmt.strace.log,6.0,13.0,0.0,0.0,0.0,0.0,17.0,0.0,1.0,0.0,0.0,0.0,0.0,1.0,0.0,0.0,0.00890803337097168,4154.554264914487,0.0,0.0
fold.strace,strace_logs/fold.strace.log,6.0,14.0,0.0,0.0,0.0,0.0,17.0,0.0,1.0,0.0,0.0,0.0,0.0,1.0,0.0,0.0,0.009676933288574219,3927.863900660294,0.0,0.0
free.strace,strace_logs/free.strace.log,22.0,59.0,0.0,0.0,0.0,0.0,65.0,0.0,1.0,6.0,0.0,0.0,0.0,1.0,0.0,0.0,0.03141903877258301,4870.658843080566,0.0,0.0
funzip.strace,strace_logs/funzip.strace.log,7.0,8.0,0.0,0.0,0.0,0.0,16.0,0.0,1.0,0.0,0.0,0.0,0.0,1.0,0.0,0.0,0.013139009475708008,2436.495617775681,0.0,0.0
fuser.strace,strace_logs/fuser.strace.log,16.0,35.0,1.0,1.0,0.0,1.0,17.0,0.0,1.0,0.0,0.0,0.0,0.0,1.0,0.0,0.0,0.032145023345947266,2240.8490498865203,0.0,0.027777777777777776
fusermount.strace,strace_logs/fusermount.strace.log,6.0,7.0,0.0,0.0,0.0,0.0,16.0,0.0,1.0,0.0,0.0,0.0,0.0,1.0,0.0,0.0,0.00673985481262207,4452.134458240475,0.0,0.0
g-ir-compiler.strace,strace_logs/g-ir-compiler.strace.log,21.0,53.0,0.0,0.0,0.0,0.0,94.0,0.0,1.0,0.0,0.0,0.0,0.0,1.0,0.0,0.0,0.0429689884185791,3934.069085864891,0.0,0.0
g-ir-generate.strace,strace_logs/g-ir-generate.strace.log,21.0,53.0,0.0,0.0,0.0,0.0,94.0,0.0,1.0,0.0,0.0,0.0,0.0,1.0,0.0,0.0,0.028668880462646484,5895.89360145036,0.0,0.0
g-ir-inspect.strace,strace_logs/g-ir-inspect.strace.log,21.0,54.0,0.0,0.0,0.0,0.0,94.0,0.0,1.0,0.0,0.0,0.0,0.0,1.0,0.0,0.0,0.07429289817810059,2289.2402513422358,0.0,0.0
gapplication.strace,strace_logs/gapplication.strace.log,22.0,59.0,0.0,0.0,0.0,0.0,88.0,0.0,1.0,0.0,0.0,0.0,0.0,1.0,0.0,0.0,0.034253835678100586,4963.947846120651,0.0,0.0
gc.strace,strace_logs/gc.strace.log,8.0,14.0,0.0,0.0,0.0,0.0,26.0,0.0,1.0,0.0,0.0,0.0,0.0,1.0,0.0,0.0,0.016698122024536133,2935.4617273726744,0.0,0.0
gdbus.strace,strace_logs/gdbus.strace.log,22.0,58.0,0.0,0.0,0.0,0.0,88.0,0.0,1.0,0.0,0.0,0.0,0.0,1.0,0.0,0.0,0.030506134033203125,5540.869451044142,0.0,0.0
genbrk.strace,strace_logs/genbrk.strace.log,14.0,29.0,0.0,0.0,0.0,0.0,59.0,0.0,1.0,0.0,0.0,0.0,0.0,1.0,0.0,0.0,0.04708123207092285,2188.7082537865936,0.0,0.0
gencat.strace,strace_logs/gencat.strace.log,12.0,19.0,0.0,0.0,0.0,0.0,17.0,0.0,1.0,0.0,0.0,0.0,0.0,1.0,0.0,0.0,0.009663105010986328,5071.833851468048,0.0,0.0
gencfu.strace,strace_logs/gencfu.strace.log,14.0,29.0,0.0,0.0,0.0,0.0,59.0,0.0,1.0,0.0,0.0,0.0,0.0,1.0,0.0,0.0,0.05429506301879883,1898.0417248496026,0.0,0.0
gencnval.strace,strace_logs/gencnval.strace.log,13.0,29.0,0.0,0.0,0.0,0.0,59.0,0.0,1.0,0.0,0.0,0.0,0.0,1.0,0.0,0.0,0.02180314064025879,4679.225109077191,0.0,0.0
gendict.strace,strace_logs/gendict.strace.log,15.0,28.0,0.0,0.0,0.0,0.0,59.0,0.0,1.0,0.0,0.0,0.0,0.0,1.0,0.0,0.0,0.060545921325683594,1702.1880857498386,0.0,0.0
genrb.strace,strace_logs/genrb.strace.log,21.0,28.0,0.0,0.0,0.0,0.0,59.0,0.0,1.0,0.0,0.0,0.0,0.0,1.0,0.0,0.0,0.028594017028808594,3812.986258880032,0.0,0.0
getconf.strace,strace_logs/getconf.strace.log,9.0,17.0,0.0,0.0,0.0,0.0,17.0,0.0,1.0,0.0,0.0,0.0,0.0,1.0,0.0,0.0,0.009689092636108398,4542.188907207363,0.0,0.0
getent.strace,strace_logs/getent.strace.log,11.0,18.0,0.0,0.0,0.0,0.0,17.0,0.0,1.0,0.0,0.0,0.0,0.0,1.0,0.0,0.0,0.017716169357299805,2653.943706514864,0.0,0.0
getopt.strace,strace_logs/getopt.strace.log,11.0,19.0,0.0,0.0,0.0,0.0,17.0,0.0,1.0,0.0,0.0,0.0,0.0,1.0,0.0,0.0,0.011156797409057617,4303.30990490437,0.0,0.0
gh.strace,strace_logs/gh.strace.log,30.0,54.0,0.0,0.0,0.0,0.0,45.0,1.0,1.0,1.0,0.0,0.0,0.0,1.0,0.0,0.0,1.2422170639038086,107.26162193036937,0.0,0.0
gio.strace,strace_logs/gio.strace.log,46.0,58.0,0.0,0.0,0.0,0.0,88.0,0.0,1.0,0.0,0.0,0.0,0.0,1.0,0.0,0.0,0.034739017486572266,5556.712681701509,0.0,0.0
git-lfs.strace,strace_logs/git-lfs.strace.log,15.0,29.0,0.0,0.0,0.0,0.0,64.0,0.0,1.0,0.0,0.0,0.0,0.0,1.0,0.0,0.0,0.36333203315734863,301.00107354364553,0.0,0.0
git-shell.strace,strace_logs/git-shell.strace.log,10.0,27.0,0.0,0.0,0.0,0.0,28.0,0.0,1.0,0.0,0.0,0.0,0.0,1.0,0.0,0.0,0.016470909118652344,4008.064790689595,0.0,0.0
git.strace,strace_logs/git.strace.log,12.0,34.0,0.0,0.0,0.0,0.0,28.0,0.0,1.0,0.0,0.0,0.0,0.0,1.0,0.0,0.0,0.053225040435791016,1410.1111887548043,0.0,0.0
glib-compile-resources.strace,strace_logs/glib-compile-resources.strace.log,22.0,58.0,0.0,0.0,0.0,0.0,88.0,0.0,1.0,0.0,0.0,0.0,0.0,1.0,0.0,0.0,0.07433605194091797,2274.4594532182123,0.0,0.0
gml2gv.strace,strace_logs/gml2gv.strace.log,8.0,14.0,0.0,0.0,0.0,0.0,26.0,0.0,1.0,0.0,0.0,0.0,0.0,1.0,0.0,0.0,0.010014057159423828,4894.121660873292,0.0,0.0
gobject-query.strace,strace_logs/gobject-query.strace.log,20.0,22.0,0.0,0.0,0.0,0.0,45.0,0.0,1.0,0.0,0.0,0.0,0.0,1.0,0.0,0.0,0.020581960678100586,4276.588772921566,0.0,0.0
gpasswd.strace,strace_logs/gpasswd.strace.log,33.0,53.0,5.0,0.0,0.0,4.0,48.0,0.0,1.0,0.0,0.0,0.0,0.0,1.0,0.0,0.0,0.03729081153869629,3862.54106221509,0.0,0.08620689655172414
gpg-agent.strace,strace_logs/gpg-agent.strace.log,13.0,53.0,2.0,0.0,0.0,2.0,42.0,0.0,1.0,1.0,0.0,0.0,0.0,1.0,0.0,0.0,0.10043811798095703,1136.027241565939,0.0,0.03636363636363636
gpg-connect-agent.strace,strace_logs/gpg-connect-agent.strace.log,20.0,48.0,2.0,0.0,0.0,2.0,48.0,0.0,1.0,0.0,0.0,0.0,0.0,1.0,0.0,0.0,0.02453923225402832,4931.879611367501,0.0,0.04
gpg-wks-server.strace,strace_logs/gpg-wks-server.strace.log,9.0,16.0,0.0,0.0,0.0,0.0,28.0,0.0,1.0,0.0,0.0,0.0,0.0,1.0,0.0,0.0,0.011615991592407227,4649.763695326451,0.0,0.0
gpg.strace,strace_logs/gpg.strace.log,27.0,79.0,0.0,0.0,0.0,0.0,72.0,0.0,1.0,0.0,0.0,0.0,0.0,1.0,0.0,1.0,0.13157296180725098,1361.461887771651,0.0,0.0
gpgcompose.strace,strace_logs/gpgcompose.strace.log,25.0,61.0,0.0,0.0,0.0,0.0,53.0,0.0,1.0,0.0,0.0,0.0,0.0,1.0,0.0,1.0,0.02450704574584961,5713.6428640918375,0.0,0.0
gpgconf.strace,strace_logs/gpgconf.strace.log,10.0,27.0,0.0,0.0,0.0,0.0,29.0,0.0,1.0,0.0,0.0,0.0,0.0,1.0,0.0,0.0,0.01335000991821289,5019.72286316391,0.0,0.0
gpgparsemail.strace,strace_logs/gpgparsemail.strace.log,6.0,8.0,0.0,0.0,0.0,0.0,16.0,0.0,1.0,0.0,0.0,0.0,0.0,1.0,0.0,0.0,0.006891965866088867,4498.990936451379,0.0,0.0
gpgsm.strace,strace_logs/gpgsm.strace.log,21.0,56.0,0.0,0.0,0.0,0.0,56.0,0.0,1.0,0.0,0.0,0.0,0.0,1.0,0.0,1.0,0.03248000144958496,4126.61557942025,0.0,0.0
gpgsplit.strace,strace_logs/gpgsplit.strace.log,10.0,20.0,0.0,0.0,0.0,0.0,39.0,0.0,1.0,0.0,0.0,0.0,0.0,1.0,0.0,0.0,0.04201698303222656,1666.9930092151255,0.0,0.0
gpgtar.strace,strace_logs/gpgtar.strace.log,11.0,25.0,0.0,0.0,0.0,0.0,29.0,0.0,1.0,0.0,0.0,0.0,0.0,1.0,0.0,0.0,0.012465953826904297,5295.420380216501,0.0,0.0
gpgv.strace,strace_logs/gpgv.strace.log,18.0,37.0,0.0,0.0,0.0,0.0,40.0,0.0,1.0,0.0,0.0,0.0,0.0,1.0,0.0,0.0,0.02496790885925293,3845.935534696294,0.0,0.0
graphml2gv.strace,strace_logs/graphml2gv.strace.log,9.0,17.0,0.0,0.0,0.0,0.0,32.0,0.0,1.0,0.0,0.0,0.0,0.0,1.0,0.0,0.0,0.013881921768188477,4251.132005152426,0.0,0.0
grep.strace,strace_logs/grep.strace.log,12.0,27.0,0.0,0.0,0.0,0.0,25.0,0.0,1.0,0.0,0.0,0.0,0.0,1.0,0.0,0.0,0.015323877334594727,4242.746300935074,0.0,0.0
gresource.strace,strace_logs/gresource.strace.log,23.0,61.0,0.0,0.0,0.0,0.0,95.0,0.0,1.0,0.0,0.0,0.0,0.0,1.0,0.0,0.0,0.03539896011352539,5085.895133154627,0.0,0.0
groff.strace,strace_logs/groff.strace.log,253.0,356.0,0.0,0.0,0.0,0.0,84.0,2.0,1.0,0.0,0.0,0.0,0.0,1.0,0.0,0.0,0.20331907272338867,3424.1909022469986,0.0,0.0
grops.strace,strace_logs/grops.strace.log,9.0,17.0,0.0,0.0,0.0,0.0,36.0,0.0,1.0,0.0,0.0,0.0,0.0,1.0,0.0,0.0,0.01425313949584961,4421.078819711619,0.0,0.0
grotty.strace,strace_logs/grotty.strace.log,9.0,20.0,0.0,0.0,0.0,0.0,36.0,0.0,1.0,0.0,0.0,0.0,0.0,1.0,0.0,0.0,0.013833045959472656,4772.183453981385,0.0,0.0
groups.strace,strace_logs/groups.strace.log,9.0,24.0,4.0,0.0,0.0,4.0,17.0,0.0,1.0,0.0,0.0,0.0,0.0,1.0,0.0,0.0,0.012696027755737305,4648.122795816041,0.0,0.14285714285714285
gsettings.strace,strace_logs/gsettings.strace.log,22.0,58.0,0.0,0.0,0.0,0.0,88.0,0.0,1.0,0.0,0.0,0.0,0.0,1.0,0.0,0.0,0.029319047927856445,5765.170801720703,0.0,0.0
gtester.strace,strace_logs/gtester.strace.log,25.0,21.0,0.0,0.0,0.0,0.0,34.0,0.0,1.0,0.0,0.0,0.0,0.0,1.0,0.0,0.0,0.015196084976196289,5331.3202849208465,0.0,0.0
gtk-update-icon-cache.strace,strace_logs/gtk-update-icon-cache.strace.log,22.0,56.0,0.0,0.0,0.0,0.0,104.0,0.0,1.0,0.0,0.0,0.0,0.0,1.0,0.0,0.0,0.030915021896362305,5920.452381870484,0.0,0.0
gv2gml.strace,strace_logs/gv2gml.strace.log,8.0,14.0,0.0,0.0,0.0,0.0,26.0,0.0,1.0,0.0,0.0,0.0,0.0,1.0,0.0,0.0,0.012429952621459961,3943.090649275918,0.0,0.0
gvcolor.strace,strace_logs/gvcolor.strace.log,8.0,14.0,0.0,0.0,0.0,0.0,26.0,0.0,1.0,0.0,0.0,0.0,0.0,1.0,0.0,0.0,0.01023101806640625,4790.357196122297,0.0,0.0
gvgen.strace,strace_logs/gvgen.strace.log,8.0,10.0,0.0,0.0,0.0,0.0,19.0,0.0,1.0,0.0,0.0,0.0,0.0,1.0,0.0,0.0,0.00758814811706543,5008.8094699469,0.0,0.0
gvmap.strace,strace_logs/gvmap.strace.log,13.0,29.0,0.0,0.0,0.0,0.0,54.0,0.0,1.0,0.0,0.0,0.0,0.0,1.0,0.0,0.0,0.044367074966430664,2187.305950378582,0.0,0.0
gvpack.strace,strace_logs/gvpack.strace.log,20.0,73.0,0.0,0.0,0.0,0.0,98.0,0.0,1.0,0.0,0.0,0.0,0.0,1.0,0.0,0.0,0.06522202491760254,2944.7908473795605,0.0,0.0
gvpr.strace,strace_logs/gvpr.strace.log,9.0,22.0,0.0,0.0,0.0,0.0,38.0,0.0,1.0,0.0,0.0,0.0,0.0,1.0,0.0,0.0,0.017229795455932617,4063.7295999557196,0.0,0.0
gxl2gv.strace,strace_logs/gxl2gv.strace.log,9.0,17.0,0.0,0.0,0.0,0.0,32.0,0.0,1.0,0.0,0.0,0.0,0.0,1.0,0.0,0.0,0.010751962661743164,5488.370246357851,0.0,0.0
gzip.strace,strace_logs/gzip.strace.log,7.0,10.0,0.0,0.0,0.0,0.0,14.0,0.0,1.0,0.0,0.0,0.0,0.0,1.0,0.0,0.0,0.013395071029663086,2389.9384333339267,0.0,0.0
hardlink.strace,strace_logs/hardlink.strace.log,8.0,10.0,0.0,0.0,0.0,0.0,17.0,0.0,1.0,0.0,0.0,0.0,0.0,1.0,0.0,0.0,0.007202863693237305,4999.012114792626,0.0,0.0
head.strace,strace_logs/head.strace.log,8.0,20.0,0.0,0.0,0.0,0.0,17.0,0.0,1.0,0.0,0.0,0.0,0.0,1.0,0.0,0.0,0.010190010070800781,4515.225175479644,0.0,0.0
hexdump.strace,strace_logs/hexdump.strace.log,7.0,16.0,0.0,0.0,0.0,0.0,22.0,0.0,1.0,0.0,0.0,0.0,0.0,1.0,0.0,0.0,0.00941610336303711,4886.247987036006,0.0,0.0
host.strace,strace_logs/host.strace.log,48.0,120.0,3.0,1.0,2.0,1.0,226.0,0.0,1.0,0.0,0.0,0.0,0.0,1.0,0.0,0.0,0.09190821647644043,4374.928854370141,0.0,0.024390243902439025
hostid.strace,strace_logs/hostid.strace.log,14.0,33.0,4.0,0.0,0.0,4.0,17.0,0.0,1.0,0.0,0.0,0.0,0.0,1.0,0.0,0.0,0.015221118927001953,4796.968046113843,0.0,0.10810810810810811
hostname.strace,strace_logs/hostname.strace.log,6.0,8.0,0.0,0.0,0.0,0.0,16.0,0.0,1.0,0.0,0.0,0.0,0.0,1.0,0.0,0.0,0.008009910583496094,3871.20550065484,0.0,0.0
hostnamectl.strace,strace_logs/hostnamectl.strace.log,29.0,100.0,0.0,0.0,0.0,0.0,135.0,0.0,1.0,6.0,0.0,0.0,0.0,1.0,0.0,0.0,0.05937695503234863,4565.060246140256,0.0,0.0
iconv.strace,strace_logs/iconv.strace.log,6.0,13.0,0.0,0.0,0.0,0.0,18.0,0.0,1.0,0.0,0.0,0.0,0.0,1.0,0.0,0.0,0.008997917175292969,4224.199576046635,0.0,0.0
icuexportdata.strace,strace_logs/icuexportdata.strace.log,13.0,28.0,0.0,0.0,0.0,0.0,59.0,0.0,1.0,0.0,0.0,0.0,0.0,1.0,0.0,0.0,0.01858687400817871,5434.942251696404,0.0,0.0
icuinfo.strace,strace_logs/icuinfo.strace.log,16.0,39.0,0.0,0.0,0.0,0.0,63.0,0.0,1.0,0.0,0.0,0.0,0.0,1.0,0.0,0.0,0.08068203926086426,1475.925535970213,0.0,0.0
id.strace,strace_logs/id.strace.log,19.0,55.0,8.0,0.0,0.0,8.0,29.0,0.0,1.0,0.0,0.0,0.0,0.0,1.0,0.0,0.0,0.022140979766845703,5420.814356169104,0.0,0.12698412698412698
ifdata.strace,strace_logs/ifdata.strace.log,35.0,7.0,0.0,0.0,0.0,0.0,14.0,0.0,1.0,0.0,0.0,0.0,0.0,1.0,0.0,0.0,0.027521848678588867,2072.0818036124224,0.0,0.0
ifne.strace,strace_logs/ifne.strace.log,6.0,7.0,0.0,0.0,0.0,0.0,14.0,0.0,1.0,0.0,0.0,0.0,0.0,1.0,0.0,0.0,0.02439284324645996,1148.877667113018,0.0,0.0
infocmp.strace,strace_logs/infocmp.strace.log,10.0,23.0,0.0,0.0,0.0,0.0,26.0,0.0,1.0,0.0,0.0,0.0,0.0,1.0,0.0,0.0,0.014956951141357422,4012.5127363152355,0.0,0.0
install.strace,strace_logs/install.strace.log,17.0,36.0,0.0,0.0,0.0,0.0,40.0,0.0,1.0,0.0,0.0,0.0,0.0,1.0,0.0,0.0,0.020888805389404297,4501.017987992786,0.0,0.0
ionice.strace,strace_logs/ionice.strace.log,8.0,20.0,0.0,0.0,0.0,0.0,17.0,0.0,1.0,0.0,0.0,0.0,0.0,1.0,0.0,0.0,0.01169586181640625,3934.0150032615784,0.0,0.0
ip.strace,strace_logs/ip.strace.log,13.0,29.0,6.0,0.0,0.0,0.0,55.0,0.0,1.0,6.0,0.0,0.0,0.0,1.0,0.0,0.0,0.02652883529663086,4147.431562865103,0.0,0.17142857142857143
ipcmk.strace,strace_logs/ipcmk.strace.log,11.0,19.0,0.0,0.0,0.0,0.0,17.0,0.0,1.0,0.0,0.0,0.0,0.0,1.0,0.0,0.0,0.012146949768066406,3952.6093271571012,0.0,0.0
ipcrm.strace,strace_logs/ipcrm.strace.log,5.0,7.0,0.0,0.0,0.0,0.0,14.0,0.0,1.0,0.0,0.0,0.0,0.0,1.0,0.0,0.0,0.007179975509643555,3761.4585090486466,0.0,0.0
ipcs.strace,strace_logs/ipcs.strace.log,14.0,29.0,0.0,0.0,0.0,0.0,17.0,0.0,1.0,0.0,0.0,0.0,0.0,1.0,0.0,0.0,0.013293981552124023,4589.542549184885,0.0,0.0
ischroot.strace,strace_logs/ischroot.strace.log,19.0,11.0,0.0,0.0,0.0,0.0,14.0,0.0,1.0,0.0,0.0,0.0,0.0,1.0,0.0,0.0,0.010792970657348633,4170.380370673088,0.0,0.0
isutf8.strace,strace_logs/isutf8.strace.log,6.0,8.0,0.0,0.0,0.0,0.0,16.0,0.0,1.0,0.0,0.0,0.0,0.0,1.0,0.0,0.0,0.006006956100463867,5161.683627703909,0.0,0.0
join.strace,strace_logs/join.strace.log,11.0,19.0,0.0,0.0,0.0,0.0,17.0,0.0,1.0,0.0,0.0,0.0,0.0,1.0,0.0,0.0,0.010857105255126953,4422.067943256182,0.0,0.0
journalctl.strace,strace_logs/journalctl.strace.log,28.0,98.0,0.0,0.0,0.0,0.0,135.0,0.0,1.0,6.0,0.0,0.0,0.0,1.0,0.0,0.0,0.045912981033325195,5838.129151023249,0.0,0.0
jq.strace,strace_logs/jq.strace.log,9.0,19.0,0.0,0.0,0.0,0.0,37.0,0.0,1.0,0.0,0.0,0.0,0.0,1.0,0.0,0.0,0.14717388153076172,449.4491359032678,0.0,0.0
kbxutil.strace,strace_logs/kbxutil.strace.log,9.0,22.0,0.0,0.0,0.0,0.0,35.0,0.0,1.0,0.0,0.0,0.0,0.0,1.0,0.0,0.0,0.015033960342407227,4457.576874890971,0.0,0.0
kill.strace,strace_logs/kill.strace.log,31.0,54.0,0.0,0.0,0.0,0.0,65.0,0.0,1.0,6.0,0.0,0.0,0.0,1.0,0.0,0.0,0.026535987854003906,5917.493513027853,0.0,0.0
killall.strace,strace_logs/killall.strace.log,11.0,17.0,0.0,0.0,0.0,0.0,17.0,0.0,1.0,0.0,0.0,0.0,0.0,1.0,0.0,0.0,0.009671926498413086,4757.032834569971,0.0,0.0
kmod.strace,strace_logs/kmod.strace.log,10.0,17.0,0.0,0.0,0.0,0.0,32.0,0.0,1.0,0.0,0.0,0.0,0.0,1.0,0.0,0.0,0.017695188522338867,3391.7522332556355,0.0,0.0
last.strace,strace_logs/last.strace.log,11.0,29.0,0.0,0.0,0.0,0.0,17.0,0.0,1.0,0.0,0.0,0.0,0.0,1.0,0.0,0.0,0.011677980422973633,4967.612196566015,0.0,0.0
lastlog.strace,strace_logs/lastlog.strace.log,23.0,66.0,1.0,0.0,0.0,0.0,28.0,0.0,1.0,0.0,0.0,0.0,0.0,1.0,0.0,0.0,0.036602020263671875,3252.1866597186036,0.0,0.014925373134328358
lckdo.strace,strace_logs/lckdo.strace.log,6.0,8.0,0.0,0.0,0.0,0.0,16.0,0.0,1.0,0.0,0.0,0.0,0.0,1.0,0.0,0.0,0.019711017608642578,1573.7244841183444,0.0,0.0
lefty.strace,strace_logs/lefty.strace.log,23.0,53.0,0.0,0.0,0.0,0.0,101.0,0.0,1.0,0.0,0.0,0.0,0.0,1.0,0.0,0.0,0.04857802391052246,3665.2083327198393,0.0,0.0
less.strace,strace_logs/less.strace.log,9.0,28.0,0.0,0.0,0.0,0.0,22.0,0.0,1.0,0.0,0.0,0.0,0.0,1.0,0.0,0.0,0.024000883102416992,2500.9080135496242,0.0,0.0
lessecho.strace,strace_logs/lessecho.strace.log,5.0,7.0,0.0,0.0,0.0,0.0,14.0,0.0,1.0,0.0,0.0,0.0,0.0,1.0,0.0,0.0,0.0061109066009521484,4419.329678904452,0.0,0.0
lesskey.strace,strace_logs/lesskey.strace.log,6.0,8.0,0.0,0.0,0.0,0.0,16.0,0.0,1.0,0.0,0.0,0.0,0.0,1.0,0.0,0.0,0.007391214370727539,4195.168704235347,0.0,0.0
lexgrog.strace,strace_logs/lexgrog.strace.log,12.0,55.0,0.0,0.0,0.0,0.0,40.0,0.0,1.0,2.0,0.0,0.0,0.0,1.0,0.0,0.0,0.04415583610534668,2492.176924779836,0.0,0.0
link.strace,strace_logs/link.strace.log,11.0,19.0,0.0,0.0,0.0,0.0,17.0,0.0,1.0,0.0,0.0,0.0,0.0,1.0,0.0,0.0,0.010804891586303711,4443.432357289437,0.0,0.0
ln.strace,strace_logs/ln.strace.log,11.0,20.0,0.0,0.0,0.0,0.0,17.0,0.0,1.0,0.0,0.0,0.0,0.0,1.0,0.0,0.0,0.00990605354309082,4947.470336229512,0.0,0.0
lnstat.strace,strace_logs/lnstat.strace.log,109.0,17.0,0.0,0.0,0.0,0.0,16.0,0.0,1.0,0.0,0.0,0.0,0.0,1.0,0.0,0.0,14.093753099441528,11.146339232072005,0.0,0.0
locale-check.strace,strace_logs/locale-check.strace.log,6.0,7.0,0.0,0.0,0.0,0.0,14.0,0.0,1.0,0.0,0.0,0.0,0.0,1.0,0.0,0.0,0.0069849491119384766,4009.619039492098,0.0,0.0
locale.strace,strace_logs/locale.strace.log,6.0,11.0,0.0,0.0,0.0,0.0,17.0,0.0,1.0,0.0,0.0,0.0,0.0,1.0,0.0,0.0,0.011183977127075195,3130.4770726299857,0.0,0.0
localectl.strace,strace_logs/localectl.strace.log,29.0,100.0,0.0,0.0,0.0,0.0,135.0,0.0,1.0,6.0,0.0,0.0,0.0,1.0,0.0,0.0,0.052748918533325195,5138.546086917218,0.0,0.0
localedef.strace,strace_logs/localedef.strace.log,8.0,18.0,0.0,0.0,0.0,0.0,17.0,0.0,1.0,0.0,0.0,0.0,0.0,1.0,0.0,0.0,0.013961076736450195,3152.619379408098,0.0,0.0
logger.strace,strace_logs/logger.strace.log,18.0,51.0,8.0,0.0,0.0,8.0,58.0,0.0,1.0,6.0,0.0,0.0,0.0,1.0,0.0,0.0,0.029440879821777344,5095.956431602474,0.0,0.13559322033898305
login.strace,strace_logs/login.strace.log,9.0,22.0,0.0,0.0,0.0,0.0,38.0,0.0,1.0,0.0,0.0,0.0,0.0,1.0,0.0,0.0,0.015038013458251953,4655.870152519263,0.0,0.0
loginctl.strace,strace_logs/loginctl.strace.log,29.0,100.0,0.0,0.0,0.0,0.0,135.0,0.0,1.0,6.0,0.0,0.0,0.0,1.0,0.0,0.0,0.09856200218200684,2750.5383007699584,0.0,0.0
logname.strace,strace_logs/logname.strace.log,11.0,21.0,0.0,0.0,0.0,0.0,17.0,0.0,1.0,0.0,0.0,0.0,0.0,1.0,0.0,0.0,0.010838031768798828,4614.383782832505,0.0,0.0
look.strace,strace_logs/look.strace.log,11.0,19.0,0.0,0.0,0.0,0.0,17.0,0.0,1.0,0.0,0.0,0.0,0.0,1.0,0.0,0.0,0.015878915786743164,3023.876413267068,0.0,0.0
ls.strace,strace_logs/ls.strace.log,10.0,26.0,0.0,0.0,0.0,0.0,29.0,0.0,1.0,0.0,0.0,0.0,0.0,1.0,0.0,0.0,0.015280008316040039,4320.369376960165,0.0,0.0
lsattr.strace,strace_logs/lsattr.strace.log,8.0,39.0,0.0,0.0,0.0,0.0,28.0,0.0,1.0,0.0,0.0,0.0,0.0,1.0,0.0,0.0,0.023344993591308594,3256.5159933003797,0.0,0.0
lsblk.strace,strace_logs/lsblk.strace.log,103.0,526.0,0.0,0.0,0.0,0.0,57.0,0.0,1.0,2.0,0.0,0.0,0.0,1.0,0.0,0.0,0.15619707107543945,4412.094236634114,0.0,0.0
lscpu.strace,strace_logs/lscpu.strace.log,121.0,273.0,0.0,0.0,0.0,0.0,24.0,0.0,1.0,0.0,0.0,0.0,0.0,1.0,0.0,0.0,0.10160708427429199,4124.728212384231,0.0,0.0
lsipc.strace,strace_logs/lsipc.strace.log,22.0,62.0,0.0,0.0,0.0,0.0,24.0,0.0,1.0,0.0,0.0,0.0,0.0,1.0,0.0,0.0,0.024342060089111328,4478.846147818763,0.0,0.0
lslocks.strace,strace_logs/lslocks.strace.log,13.0,34.0,0.0,0.0,0.0,0.0,48.0,0.0,1.0,0.0,0.0,0.0,0.0,1.0,0.0,0.0,0.028814077377319336,3332.704803276654,0.0,0.0
lslogins.strace,strace_logs/lslogins.strace.log,89.0,770.0,4.0,0.0,0.0,4.0,78.0,0.0,1.0,6.0,0.0,0.0,0.0,1.0,0.0,0.0,0.2690589427947998,3539.258160502962,0.0,0.00516795865633075
lsmem.strace,strace_logs/lsmem.strace.log,531.0,1077.0,0.0,0.0,0.0,0.0,24.0,0.0,1.0,0.0,0.0,0.0,0.0,1.0,0.0,0.0,0.346904993057251,4708.340720606175,0.0,0.0
lsns.strace,strace_logs/lsns.strace.log,51.0,896.0,4.0,0.0,0.0,4.0,49.0,0.0,1.0,0.0,0.0,0.0,0.0,1.0,0.0,0.0,0.20515704154968262,4899.686354651008,0.0,0.0044444444444444444
lsof.strace,strace_logs/lsof.strace.log,17.0,92340.0,0.0,0.0,0.0,0.0,77.0,0.0,1.0,0.0,0.0,0.0,0.0,1.0,0.0,0.0,14.995213985443115,6165.300162020562,0.0,0.0
lstmeval.strace,strace_logs/lstmeval.strace.log,32.0,89.0,0.0,0.0,0.0,0.0,166.0,0.0,1.0,0.0,0.0,0.0,0.0,1.0,0.0,0.0,0.07657003402709961,3762.262531215165,0.0,0.0
lstmtraining.strace,strace_logs/lstmtraining.strace.log,32.0,89.0,0.0,0.0,0.0,0.0,166.0,0.0,1.0,0.0,0.0,0.0,0.0,1.0,0.0,0.0,0.04797196388244629,6004.506562827706,0.0,0.0
lzmainfo.strace,strace_logs/lzmainfo.strace.log,10.0,21.0,0.0,0.0,0.0,0.0,22.0,0.0,1.0,0.0,0.0,0.0,0.0,1.0,0.0,0.0,0.029260873794555664,1846.467786749668,0.0,0.0
m4.strace,strace_logs/m4.strace.log,9.0,20.0,0.0,0.0,0.0,0.0,23.0,0.0,1.0,0.0,0.0,0.0,0.0,1.0,0.0,0.0,0.012640953063964844,4193.721840814786,0.0,0.0
make.strace,strace_logs/make.strace.log,8.0,31.0,0.0,0.0,0.0,0.0,18.0,0.0,1.0,0.0,0.0,0.0,0.0,1.0,0.0,0.0,0.04203915596008301,1380.6661392315327,0.0,0.0
makeconv.strace,strace_logs/makeconv.strace.log,14.0,28.0,0.0,0.0,0.0,0.0,59.0,0.0,1.0,0.0,0.0,0.0,0.0,1.0,0.0,0.0,0.020061016082763672,5085.488222290889,0.0,0.0
man-recode.strace,strace_logs/man-recode.strace.log,13.0,55.0,0.0,0.0,0.0,0.0,40.0,0.0,1.0,2.0,0.0,0.0,0.0,1.0,0.0,0.0,0.024328947067260742,4563.4662544221555,0.0,0.0
man.REAL.strace,strace_logs/man.REAL.strace.log,18.0,62.0,0.0,0.0,0.0,0.0,52.0,0.0,1.0,2.0,0.0,0.0,0.0,1.0,0.0,0.0,0.033164024353027344,4071.67606038821,0.0,0.0
mandb.strace,strace_logs/mandb.strace.log,604.0,11237.0,4.0,24.0,0.0,8.0,424.0,0.0,1.0,2.0,0.0,0.0,0.0,1.0,0.0,1.0,2.5789079666137695,4772.011668227829,0.0,0.00035584022773774577
manpath.strace,strace_logs/manpath.strace.log,13.0,61.0,0.0,0.0,0.0,0.0,29.0,0.0,1.0,0.0,0.0,0.0,0.0,1.0,0.0,0.0,0.02639293670654297,3941.4482023486903,0.0,0.0
mawk.strace,strace_logs/mawk.strace.log,32.0,13.0,0.0,0.0,0.0,0.0,22.0,0.0,1.0,0.0,0.0,0.0,0.0,1.0,0.0,0.0,0.014436006546020508,4711.4439709986955,0.0,0.0
mcookie.strace,strace_logs/mcookie.strace.log,6.0,13.0,0.0,0.0,0.0,0.0,17.0,0.0,1.0,0.0,0.0,0.0,0.0,1.0,0.0,0.0,0.010281085968017578,3599.841612170122,0.0,0.0
md5sum.strace,strace_logs/md5sum.strace.log,7.0,15.0,0.0,0.0,0.0,0.0,17.0,0.0,1.0,0.0,0.0,0.0,0.0,1.0,0.0,0.0,0.01223611831665039,3270.0105607731575,0.0,0.0
mdig.strace,strace_logs/mdig.strace.log,44.0,106.0,3.0,1.0,2.0,1.0,205.0,0.0,1.0,0.0,0.0,0.0,0.0,1.0,0.0,0.0,0.09126615524291992,3978.378021828745,0.0,0.027522935779816515
merge_unicharsets.strace,strace_logs/merge_unicharsets.strace.log,32.0,89.0,0.0,0.0,0.0,0.0,165.0,0.0,1.0,0.0,0.0,0.0,0.0,1.0,0.0,0.0,0.12335896492004395,2327.5435162010417,0.0,0.0
mesg.strace,strace_logs/mesg.strace.log,5.0,12.0,0.0,0.0,0.0,0.0,17.0,0.0,1.0,0.0,0.0,0.0,0.0,1.0,0.0,0.0,0.010042905807495117,3486.0471238990576,0.0,0.0
mftraining.strace,strace_logs/mftraining.strace.log,32.0,89.0,0.0,0.0,0.0,0.0,166.0,0.0,1.0,0.0,0.0,0.0,0.0,1.0,0.0,0.0,0.052001953125,5539.2535211267605,0.0,0.0
mingle.strace,strace_logs/mingle.strace.log,12.0,26.0,0.0,0.0,0.0,0.0,49.0,0.0,1.0,0.0,0.0,0.0,0.0,1.0,0.0,0.0,0.01807689666748047,4869.092218412028,0.0,0.0
mispipe.strace,strace_logs/mispipe.strace.log,8.0,7.0,0.0,0.0,0.0,0.0,14.0,0.0,1.0,0.0,0.0,0.0,0.0,1.0,0.0,0.0,0.00927591323852539,3235.1829023800956,0.0,0.0
mkdir.strace,strace_logs/mkdir.strace.log,15.0,29.0,0.0,0.0,0.0,0.0,29.0,0.0,1.0,0.0,0.0,0.0,0.0,1.0,0.0,0.0,0.020462989807128906,3617.2848487673023,0.0,0.0
mkfifo.strace,strace_logs/mkfifo.strace.log,15.0,29.0,0.0,0.0,0.0,0.0,29.0,0.0,1.0,0.0,0.0,0.0,0.0,1.0,0.0,0.0,0.016151905059814453,4582.5029079207625,0.0,0.0
mknod.strace,strace_logs/mknod.strace.log,15.0,29.0,0.0,0.0,0.0,0.0,29.0,0.0,1.0,0.0,0.0,0.0,0.0,1.0,0.0,0.0,0.015236854553222656,4857.645427802466,0.0,0.0
mktemp.strace,strace_logs/mktemp.strace.log,7.0,17.0,0.0,0.0,0.0,0.0,17.0,0.0,1.0,0.0,0.0,0.0,0.0,1.0,0.0,0.0,0.00916910171508789,4581.601383327266,0.0,0.0
mm2gv.strace,strace_logs/mm2gv.strace.log,10.0,14.0,0.0,0.0,0.0,0.0,26.0,0.0,1.0,0.0,0.0,0.0,0.0,1.0,0.0,0.0,0.03341412544250488,1527.3006086379496,0.0,0.0
more.strace,strace_logs/more.strace.log,7.0,15.0,0.0,0.0,0.0,0.0,22.0,0.0,1.0,0.0,0.0,0.0,0.0,1.0,0.0,0.0,0.014662981033325195,3069.9530251540627,0.0,0.0
mount.strace,strace_logs/mount.strace.log,21.0,41.0,0.0,0.0,0.0,0.0,42.0,0.0,1.0,2.0,0.0,0.0,0.0,1.0,0.0,0.0,0.02977299690246582,3594.8605828134887,0.0,0.0
mountpoint.strace,strace_logs/mountpoint.strace.log,17.0,35.0,0.0,0.0,0.0,0.0,42.0,0.0,1.0,0.0,0.0,0.0,0.0,1.0,0.0,0.0,0.021239042282104492,4473.894716163578,0.0,0.0
mv.strace,strace_logs/mv.strace.log,17.0,36.0,0.0,0.0,0.0,0.0,40.0,0.0,1.0,0.0,0.0,0.0,0.0,1.0,0.0,0.0,0.024651050567626953,3814.224906667698,0.0,0.0
namei.strace,strace_logs/namei.strace.log,11.0,19.0,0.0,0.0,0.0,0.0,17.0,0.0,1.0,0.0,0.0,0.0,0.0,1.0,0.0,0.0,0.012084007263183594,3973.19225001973,0.0,0.0
netstat.strace,strace_logs/netstat.strace.log,48.0,203.0,29.0,15.0,0.0,5.0,33.0,0.0,1.0,0.0,0.0,0.0,0.0,1.0,0.0,0.0,0.07152509689331055,4670.68958459723,0.0,0.125
networkctl.strace,strace_logs/networkctl.strace.log,27.0,91.0,6.0,0.0,0.0,2.0,134.0,0.0,1.0,6.0,0.0,0.0,0.0,1.0,0.0,0.0,0.05105304718017578,5230.854332841425,0.0,0.061855670103092786
newgrp.strace,strace_logs/newgrp.strace.log,29.0,91.0,16.0,0.0,0.0,12.0,58.0,1.0,2.0,2.0,0.0,0.0,0.0,1.0,0.0,0.0,0.05821704864501953,3625.367859775575,0.0,0.14953271028037382
nice.strace,strace_logs/nice.strace.log,6.0,13.0,0.0,0.0,0.0,0.0,17.0,0.0,1.0,0.0,0.0,0.0,0.0,1.0,0.0,0.0,0.00905609130859375,4086.647851727043,0.0,0.0
nl.strace,strace_logs/nl.strace.log,6.0,14.0,0.0,0.0,0.0,0.0,17.0,0.0,1.0,0.0,0.0,0.0,0.0,1.0,0.0,0.0,0.011675119400024414,3255.784700524822,0.0,0.0
nohup.strace,strace_logs/nohup.strace.log,11.0,19.0,0.0,0.0,0.0,0.0,17.0,0.0,1.0,0.0,0.0,0.0,0.0,1.0,0.0,0.0,0.010648965835571289,4508.47995074443,0.0,0.0
nop.strace,strace_logs/nop.strace.log,8.0,14.0,0.0,0.0,0.0,0.0,26.0,0.0,1.0,0.0,0.0,0.0,0.0,1.0,0.0,0.0,0.009800195693969727,5000.900158131614,0.0,0.0
nproc.strace,strace_logs/nproc.strace.log,6.0,13.0,0.0,0.0,0.0,0.0,17.0,0.0,1.0,0.0,0.0,0.0,0.0,1.0,0.0,0.0,0.009013891220092773,4105.775517761261,0.0,0.0
nsenter.strace,strace_logs/nsenter.strace.log,33.0,111.0,4.0,0.0,0.0,4.0,86.0,2.0,3.0,0.0,0.0,0.0,0.0,1.0,0.0,0.0,0.0740668773651123,3281.818749818933,0.0,0.034782608695652174
nslookup.strace,strace_logs/nslookup.strace.log,52.0,129.0,3.0,1.0,2.0,1.0,231.0,0.0,1.0,0.0,0.0,0.0,0.0,1.0,0.0,0.0,0.14278697967529297,2942.4446678199074,0.0,0.022727272727272728
nstat.strace,strace_logs/nstat.strace.log,24.0,38.0,3.0,0.0,0.0,3.0,38.0,0.0,1.0,6.0,0.0,0.0,0.0,1.0,0.0,0.0,0.020029067993164062,5642.800209503856,0.0,0.07317073170731707
nsupdate.strace,strace_logs/nsupdate.strace.log,57.0,128.0,3.0,1.0,2.0,1.0,220.0,0.0,1.0,0.0,0.0,0.0,0.0,1.0,0.0,0.0,0.10947179794311523,3773.6611580327467,0.0,0.022900763358778626
numfmt.strace,strace_logs/numfmt.strace.log,6.0,13.0,0.0,0.0,0.0,0.0,17.0,0.0,1.0,0.0,0.0,0.0,0.0,1.0,0.0,0.0,0.009145021438598633,4046.917251088458,0.0,0.0
od.strace,strace_logs/od.strace.log,9.0,22.0,0.0,0.0,0.0,0.0,17.0,0.0,1.0,0.0,0.0,0.0,0.0,1.0,0.0,0.0,0.01506805419921875,3252.912911392405,0.0,0.0
ompi_info.strace,strace_logs/ompi_info.strace.log,201.0,861.0,1.0,7.0,1.0,0.0,1137.0,0.0,1.0,0.0,0.0,0.0,0.0,1.0,1.0,0.0,0.8712999820709229,2536.292144445597,0.0,0.001160092807424594
opal_wrapper.strace,strace_logs/opal_wrapper.strace.log,21.0,184.0,1.0,7.0,1.0,0.0,50.0,0.0,1.0,0.0,0.0,0.0,0.0,1.0,0.0,0.0,0.05011415481567383,5288.927153011028,0.0,0.005405405405405406
openssl.strace,strace_logs/openssl.strace.log,206.0,16.0,0.0,0.0,0.0,0.0,27.0,0.0,1.0,0.0,0.0,0.0,0.0,1.0,0.0,0.0,0.06322884559631348,3954.8915765777656,0.0,0.0
orte-clean.strace,strace_logs/orte-clean.strace.log,98.0,472.0,2.0,14.0,2.0,3.0,356.0,0.0,1.0,0.0,0.0,0.0,0.0,1.0,0.0,1.0,0.618772029876709,1533.0666646630586,0.0,0.004219409282700422
orte-info.strace,strace_logs/orte-info.strace.log,146.0,647.0,1.0,7.0,1.0,0.0,797.0,0.0,1.0,0.0,0.0,0.0,0.0,1.0,0.0,0.0,0.6797010898590088,2354.975922463049,0.0,0.0015432098765432098
orte-server.strace,strace_logs/orte-server.strace.log,412.0,1289.0,14.0,20.0,5.0,0.0,577.0,1.0,1.0,0.0,0.0,0.0,0.0,1.0,0.0,1.0,12.894716024398804,180.8411066681959,0.0,0.010744435917114352
orted.strace,strace_logs/orted.strace.log,180.0,666.0,1.0,7.0,1.0,0.0,215.0,0.0,1.0,0.0,0.0,0.0,0.0,1.0,0.0,1.0,0.4800689220428467,2231.929666187415,0.0,0.0014992503748125937
orterun.strace,strace_logs/orterun.strace.log,39.0,213.0,1.0,7.0,1.0,0.0,88.0,0.0,1.0,0.0,0.0,0.0,0.0,1.0,0.0,0.0,0.06137800216674805,5703.368725673755,0.0,0.004672897196261682
oshmem_info.strace,strace_logs/oshmem_info.strace.log,120.0,534.0,1.0,7.0,1.0,0.0,643.0,0.0,1.0,0.0,0.0,0.0,0.0,1.0,1.0,0.0,0.479403018951416,2727.30740385983,0.0,0.001869158878504673
pandoc.strace,strace_logs/pandoc.strace.log,30.0,51.0,0.0,0.0,0.0,0.0,77.0,0.0,1.0,0.0,0.0,0.0,0.0,1.0,0.0,0.0,0.21033906936645508,756.9223328262826,0.0,0.0
paperconf.strace,strace_logs/paperconf.strace.log,8.0,16.0,0.0,0.0,0.0,0.0,21.0,0.0,1.0,0.0,0.0,0.0,0.0,1.0,0.0,0.0,0.031138896942138672,1478.25207111465,0.0,0.0
parallel.strace,strace_logs/parallel.strace.log,6.0,10.0,0.0,0.0,0.0,0.0,16.0,2.0,1.0,0.0,0.0,0.0,0.0,1.0,0.0,0.0,0.011005878448486328,3181.118712360816,0.0,0.0
partx.strace,strace_logs/partx.strace.log,13.0,25.0,0.0,0.0,0.0,0.0,29.0,0.0,1.0,0.0,0.0,0.0,0.0,1.0,0.0,0.0,0.013222932815551758,5143.580768467932,0.0,0.0
passwd.strace,strace_logs/passwd.strace.log,77.0,182.0,8.0,0.0,0.0,5.0,165.0,0.0,1.0,6.0,0.0,0.0,0.0,1.0,0.0,0.0,0.17485499382019043,2540.246894238439,0.0,0.042105263157894736
paste.strace,strace_logs/paste.strace.log,6.0,14.0,0.0,0.0,0.0,0.0,17.0,0.0,1.0,0.0,0.0,0.0,0.0,1.0,0.0,0.0,0.01647806167602539,2307.0964782822584,0.0,0.0
patch.strace,strace_logs/patch.strace.log,7.0,12.0,0.0,0.0,0.0,0.0,16.0,0.0,1.0,0.0,0.0,0.0,0.0,1.0,0.0,0.0,0.010022878646850586,3592.782487690002,0.0,0.0
pathchk.strace,strace_logs/pathchk.strace.log,11.0,19.0,0.0,0.0,0.0,0.0,17.0,0.0,1.0,0.0,0.0,0.0,0.0,1.0,0.0,0.0,0.010910987854003906,4400.2350319028055,0.0,0.0
pee.strace,strace_logs/pee.strace.log,6.0,7.0,0.0,0.0,0.0,0.0,16.0,0.0,1.0,0.0,0.0,0.0,0.0,1.0,0.0,0.0,0.00665593147277832,4508.257943188738,0.0,0.0
peekfd.strace,strace_logs/peekfd.strace.log,8.0,17.0,0.0,0.0,0.0,0.0,17.0,0.0,1.0,0.0,0.0,0.0,0.0,1.0,0.0,0.0,0.022190093994140625,1938.8016159532406,0.0,0.0
perl.strace,strace_logs/perl.strace.log,9.0,24.0,0.0,0.0,0.0,0.0,30.0,0.0,1.0,0.0,0.0,0.0,0.0,1.0,0.0,0.0,0.028840065002441406,2220.135081511855,0.0,0.0
perl5.34-x86_64-linux-gnu.strace,strace_logs/perl5.34-x86_64-linux-gnu.strace.log,10.0,24.0,0.0,0.0,0.0,0.0,36.0,0.0,1.0,0.0,0.0,0.0,0.0,1.0,0.0,0.0,0.12391114234924316,573.9912472268775,0.0,0.0
perl5.34.0.strace,strace_logs/perl5.34.0.strace.log,9.0,24.0,0.0,0.0,0.0,0.0,30.0,0.0,1.0,0.0,0.0,0.0,0.0,1.0,0.0,0.0,0.06736397743225098,951.0626661239803,0.0,0.0
pgrep.strace,strace_logs/pgrep.strace.log,22.0,54.0,0.0,0.0,0.0,0.0,65.0,0.0,1.0,6.0,0.0,0.0,0.0,1.0,0.0,0.0,0.028399944305419922,5212.2778253496535,0.0,0.0
pic.strace,strace_logs/pic.strace.log,10.0,18.0,0.0,0.0,0.0,0.0,34.0,0.0,1.0,0.0,0.0,0.0,0.0,1.0,0.0,0.0,0.028616905212402344,2202.4959176192224,0.0,0.0
pidwait.strace,strace_logs/pidwait.strace.log,22.0,54.0,0.0,0.0,0.0,0.0,65.0,0.0,1.0,6.0,0.0,0.0,0.0,1.0,0.0,0.0,0.029443025588989258,5027.657316609038,0.0,0.0
pigz.strace,strace_logs/pigz.strace.log,13.0,19.0,0.0,0.0,0.0,0.0,42.0,0.0,1.0,0.0,0.0,0.0,0.0,1.0,0.0,0.0,0.01978588104248047,3791.5817708584373,0.0,0.0
pinentry-curses.strace,strace_logs/pinentry-curses.strace.log,12.0,21.0,0.0,0.0,0.0,0.0,41.0,0.0,1.0,0.0,0.0,0.0,0.0,1.0,0.0,0.0,0.017112016677856445,4383.884928872974,0.0,0.0
pinky.strace,strace_logs/pinky.strace.log,8.0,24.0,0.0,0.0,0.0,0.0,17.0,0.0,1.0,0.0,0.0,0.0,0.0,1.0,0.0,0.0,0.011841058731079102,4223.595389107017,0.0,0.0
pkaction.strace,strace_logs/pkaction.strace.log,30.0,76.0,2.0,0.0,0.0,2.0,139.0,0.0,1.0,6.0,0.0,0.0,0.0,1.0,0.0,0.0,0.1767418384552002,1449.4402914304292,0.0,0.02564102564102564
pkcheck.strace,strace_logs/pkcheck.strace.log,40.0,88.0,0.0,0.0,0.0,0.0,156.0,1.0,5.0,6.0,0.0,0.0,0.0,1.0,0.0,0.0,0.24286389350891113,1219.7896509578902,0.0,0.0
pkexec.strace,strace_logs/pkexec.strace.log,35.0,100.0,4.0,0.0,0.0,4.0,159.0,0.0,1.0,6.0,0.0,0.0,0.0,1.0,0.0,0.0,0.05924487113952637,5216.641355220108,0.0,0.038461538461538464
pkgconf.strace,strace_logs/pkgconf.strace.log,7.0,17.0,0.0,0.0,0.0,0.0,21.0,0.0,1.0,0.0,0.0,0.0,0.0,1.0,0.0,0.0,0.010013818740844727,4594.652151139258,0.0,0.0
pkgdata.strace,strace_logs/pkgdata.strace.log,14.0,28.0,0.0,0.0,0.0,0.0,59.0,0.0,1.0,0.0,0.0,0.0,0.0,1.0,0.0,0.0,0.019290924072265625,5288.460549733043,0.0,0.0
pkttyagent.strace,strace_logs/pkttyagent.strace.log,33.0,83.0,2.0,0.0,0.0,2.0,145.0,0.0,1.0,6.0,0.0,0.0,0.0,1.0,0.0,0.0,0.06893682479858398,3946.6415463682206,0.0,0.023529411764705882
pldd.strace,strace_logs/pldd.strace.log,7.0,7.0,0.0,0.0,0.0,0.0,16.0,0.0,1.0,0.0,0.0,0.0,0.0,1.0,0.0,0.0,0.007697105407714844,4028.488043612935,0.0,0.0
pmap.strace,strace_logs/pmap.strace.log,39.0,54.0,0.0,0.0,0.0,0.0,65.0,0.0,1.0,6.0,0.0,0.0,0.0,1.0,0.0,0.0,0.029993057250976562,5502.273131955485,0.0,0.0
pr.strace,strace_logs/pr.strace.log,10.0,25.0,0.0,0.0,0.0,0.0,17.0,0.0,1.0,0.0,0.0,0.0,0.0,1.0,0.0,0.0,0.011253833770751953,4710.506207364095,0.0,0.0
preconv.strace,strace_logs/preconv.strace.log,12.0,27.0,0.0,0.0,0.0,0.0,40.0,0.0,1.0,0.0,0.0,0.0,0.0,1.0,0.0,0.0,0.0508580207824707,1574.0065537189307,0.0,0.0
printenv.strace,strace_logs/printenv.strace.log,6.0,13.0,0.0,0.0,0.0,0.0,17.0,0.0,1.0,0.0,0.0,0.0,0.0,1.0,0.0,0.0,0.008949995040893555,4135.080502943605,0.0,0.0
printf.strace,strace_logs/printf.strace.log,11.0,19.0,0.0,0.0,0.0,0.0,17.0,0.0,1.0,0.0,0.0,0.0,0.0,1.0,0.0,0.0,0.010360002517700195,4634.203507237705,0.0,0.0
prlimit.strace,strace_logs/prlimit.strace.log,9.0,26.0,0.0,0.0,0.0,0.0,24.0,0.0,1.0,0.0,0.0,0.0,0.0,1.0,0.0,0.0,0.015670061111450195,3829.9576264739444,0.0,0.0
procan.strace,strace_logs/procan.strace.log,6.0,11.0,11.0,2.0,0.0,1.0,16.0,0.0,1.0,0.0,0.0,0.0,0.0,1.0,0.0,0.0,0.04061698913574219,1182.7714956562572,0.0,0.5
protoc.strace,strace_logs/protoc.strace.log,22.0,26.0,0.0,0.0,0.0,0.0,55.0,0.0,1.0,0.0,0.0,0.0,0.0,1.0,0.0,0.0,0.07616209983825684,1366.5085694966615,0.0,0.0
prtstat.strace,strace_logs/prtstat.strace.log,9.0,17.0,0.0,0.0,0.0,0.0,17.0,0.0,1.0,0.0,0.0,0.0,0.0,1.0,0.0,0.0,0.008476018905639648,5192.116311777447,0.0,0.0
prune.strace,strace_logs/prune.strace.log,8.0,14.0,0.0,0.0,0.0,0.0,26.0,0.0,1.0,0.0,0.0,0.0,0.0,1.0,0.0,0.0,0.00943899154663086,5192.232533468047,0.0,0.0
ps.strace,strace_logs/ps.strace.log,66.0,172.0,0.0,0.0,0.0,0.0,70.0,0.0,1.0,6.0,0.0,0.0,0.0,1.0,0.0,0.0,0.07036709785461426,4477.523966510922,0.0,0.0
pslog.strace,strace_logs/pslog.strace.log,6.0,7.0,0.0,0.0,0.0,0.0,14.0,0.0,1.0,0.0,0.0,0.0,0.0,1.0,0.0,0.0,0.008510112762451172,3291.203171401356,0.0,0.0
pstree.strace,strace_logs/pstree.strace.log,67.0,722.0,0.0,0.0,0.0,0.0,22.0,0.0,1.0,0.0,0.0,0.0,0.0,1.0,0.0,0.0,0.1427760124206543,5688.229852082171,0.0,0.0
ptx.strace,strace_logs/ptx.strace.log,6.0,17.0,0.0,0.0,0.0,0.0,18.0,0.0,1.0,0.0,0.0,0.0,0.0,1.0,0.0,0.0,0.010404109954833984,4037.8662175168433,0.0,0.0
pwd.strace,strace_logs/pwd.strace.log,6.0,13.0,0.0,0.0,0.0,0.0,17.0,0.0,1.0,0.0,0.0,0.0,0.0,1.0,0.0,0.0,0.010318994522094727,3586.6206649569094,0.0,0.0
pwdx.strace,strace_logs/pwdx.strace.log,13.0,19.0,0.0,0.0,0.0,0.0,17.0,0.0,1.0,0.0,0.0,0.0,0.0,1.0,0.0,0.0,0.010627031326293945,4705.982837143562,0.0,0.0
python3.10.strace,strace_logs/python3.10.strace.log,65.0,290.0,0.0,0.0,0.0,0.0,49.0,0.0,1.0,0.0,0.0,0.0,0.0,1.0,0.0,0.0,0.5063421726226807,800.8543710120715,0.0,0.0
python3.12.strace,strace_logs/python3.12.strace.log,63.0,321.0,0.0,0.0,0.0,0.0,52.0,0.0,1.0,0.0,0.0,0.0,0.0,1.0,0.0,0.0,0.16515302658081055,2647.03082999616,0.0,0.0
qt-faststart.strace,strace_logs/qt-faststart.strace.log,6.0,8.0,0.0,0.0,0.0,0.0,16.0,0.0,1.0,0.0,0.0,0.0,0.0,1.0,0.0,0.0,0.024775981903076172,1252.2117631209223,0.0,0.0
rdma.strace,strace_logs/rdma.strace.log,8.0,14.0,6.0,0.0,0.0,0.0,27.0,0.0,1.0,6.0,0.0,0.0,0.0,1.0,0.0,0.0,0.09582090377807617,648.0404426949854,0.0,0.3
readlink.strace,strace_logs/readlink.strace.log,11.0,19.0,0.0,0.0,0.0,0.0,17.0,0.0,1.0,0.0,0.0,0.0,0.0,1.0,0.0,0.0,0.011001110076904297,4364.196046985393,0.0,0.0
realpath.strace,strace_logs/realpath.strace.log,11.0,19.0,0.0,0.0,0.0,0.0,17.0,0.0,1.0,0.0,0.0,0.0,0.0,1.0,0.0,0.0,0.012647867202758789,3796.106260249958,0.0,0.0
renice.strace,strace_logs/renice.strace.log,11.0,19.0,0.0,0.0,0.0,0.0,17.0,0.0,1.0,0.0,0.0,0.0,0.0,1.0,0.0,0.0,0.011040925979614258,4348.461443779826,0.0,0.0
resizepart.strace,strace_logs/resizepart.strace.log,11.0,19.0,0.0,0.0,0.0,0.0,17.0,0.0,1.0,0.0,0.0,0.0,0.0,1.0,0.0,0.0,0.015794992446899414,3039.937825476611,0.0,0.0
resolvectl.strace,strace_logs/resolvectl.strace.log,30.0,106.0,6.0,0.0,0.0,2.0,140.0,0.0,1.0,6.0,0.0,0.0,0.0,1.0,0.0,0.0,0.1316850185394287,2210.818574865976,0.0,0.05357142857142857
rev.strace,strace_logs/rev.strace.log,6.0,16.0,0.0,0.0,0.0,0.0,18.0,0.0,1.0,0.0,0.0,0.0,0.0,1.0,0.0,0.0,0.01025390625,3999.4761904761904,0.0,0.0
rg.strace,strace_logs/rg.strace.log,14.0,16.0,0.0,0.0,0.0,0.0,31.0,0.0,1.0,0.0,0.0,0.0,0.0,1.0,0.0,0.0,0.035546064376831055,1745.2155998685366,0.0,0.0
rm.strace,strace_logs/rm.strace.log,11.0,20.0,0.0,0.0,0.0,0.0,17.0,0.0,1.0,0.0,0.0,0.0,0.0,1.0,0.0,0.0,0.010206937789916992,4801.6562799280555,0.0,0.0
rmdir.strace,strace_logs/rmdir.strace.log,11.0,19.0,0.0,0.0,0.0,0.0,17.0,0.0,1.0,0.0,0.0,0.0,0.0,1.0,0.0,0.0,0.01217508316040039,3943.478204676301,0.0,0.0
rpcgen.strace,strace_logs/rpcgen.strace.log,39.0,17.0,0.0,1.0,0.0,0.0,17.0,0.0,1.0,0.0,0.0,0.0,0.0,1.0,0.0,0.0,0.012344121932983398,6076.766296475133,0.0,0.0
rsync.strace,strace_logs/rsync.strace.log,202.0,31.0,0.0,0.0,0.0,0.0,58.0,0.0,1.0,0.0,0.0,0.0,0.0,1.0,0.0,0.0,0.050859928131103516,5742.258604363356,0.0,0.0
run-parts.strace,strace_logs/run-parts.strace.log,9.0,7.0,0.0,0.0,0.0,0.0,16.0,0.0,1.0,0.0,0.0,0.0,0.0,1.0,0.0,0.0,0.009243965148925781,3570.8966264314454,0.0,0.0
runcon.strace,strace_logs/runcon.strace.log,11.0,26.0,0.0,0.0,0.0,1.0,29.0,0.0,1.0,0.0,0.0,0.0,0.0,1.0,0.0,0.0,0.016108989715576172,4222.245478495101,0.0,0.0
sccmap.strace,strace_logs/sccmap.strace.log,8.0,14.0,0.0,0.0,0.0,0.0,26.0,0.0,1.0,0.0,0.0,0.0,0.0,1.0,0.0,0.0,0.010711908340454102,4575.348327360947,0.0,0.0
scp.strace,strace_logs/scp.strace.log,15.0,29.0,4.0,0.0,0.0,4.0,27.0,0.0,1.0,0.0,0.0,0.0,0.0,1.0,0.0,0.0,0.020493030548095703,3904.7662005258626,0.0,0.12121212121212122
script.strace,strace_logs/script.strace.log,62.0,232.0,8.0,0.0,0.0,8.0,126.0,5.0,7.0,0.0,0.0,0.0,0.0,1.0,0.0,0.0,0.1824948787689209,2455.863407796049,0.0,0.03333333333333333
scriptlive.strace,strace_logs/scriptlive.strace.log,10.0,19.0,0.0,0.0,0.0,0.0,17.0,0.0,1.0,0.0,0.0,0.0,0.0,1.0,0.0,0.0,0.010725021362304688,4383.275653565713,0.0,0.0
scriptreplay.strace,strace_logs/scriptreplay.strace.log,10.0,19.0,0.0,0.0,0.0,0.0,17.0,0.0,1.0,0.0,0.0,0.0,0.0,1.0,0.0,0.0,0.012741804122924805,3689.6456224388603,0.0,0.0
sdiff.strace,strace_logs/sdiff.strace.log,15.0,19.0,0.0,0.0,0.0,0.0,19.0,0.0,1.0,0.0,0.0,0.0,0.0,1.0,0.0,0.0,0.013840913772583008,3902.4765128417134,0.0,0.0
sed.strace,strace_logs/sed.strace.log,30.0,34.0,0.0,0.0,0.0,0.0,36.0,0.0,1.0,0.0,0.0,0.0,0.0,1.0,0.0,0.0,0.03218197822570801,3139.402471458946,0.0,0.0
seq.strace,strace_logs/seq.strace.log,11.0,19.0,0.0,0.0,0.0,0.0,17.0,0.0,1.0,0.0,0.0,0.0,0.0,1.0,0.0,0.0,0.010854005813598633,4423.330411861614,0.0,0.0
set_unicharset_properties.strace,strace_logs/set_unicharset_properties.strace.log,33.0,92.0,0.0,0.0,0.0,0.0,172.0,0.0,1.0,0.0,0.0,0.0,0.0,1.0,0.0,0.0,0.2757909297943115,1081.5286461822811,0.0,0.0
setarch.strace,strace_logs/setarch.strace.log,10.0,19.0,0.0,0.0,0.0,0.0,17.0,0.0,1.0,0.0,0.0,0.0,0.0,1.0,0.0,0.0,0.012160062789916992,3866.111620885046,0.0,0.0
setpriv.strace,strace_logs/setpriv.strace.log,11.0,22.0,0.0,0.0,0.0,0.0,22.0,0.0,1.0,0.0,0.0,0.0,0.0,1.0,0.0,0.0,0.01120901107788086,4996.980431360871,0.0,0.0
setsid.strace,strace_logs/setsid.strace.log,11.0,19.0,0.0,0.0,0.0,0.0,17.0,0.0,1.0,0.0,0.0,0.0,0.0,1.0,0.0,0.0,0.011362075805664062,4225.580157797549,0.0,0.0
setterm.strace,strace_logs/setterm.strace.log,12.0,22.0,0.0,0.0,0.0,0.0,22.0,0.0,1.0,0.0,0.0,0.0,0.0,1.0,0.0,0.0,0.012154102325439453,4690.774569422104,0.0,0.0
setxkbmap.strace,strace_logs/setxkbmap.strace.log,13.0,28.0,0.0,0.0,0.0,0.0,56.0,0.0,1.0,0.0,0.0,0.0,0.0,1.0,0.0,0.0,0.016592025756835938,5907.451776066215,0.0,0.0
sftp.strace,strace_logs/sftp.strace.log,16.0,30.0,0.0,0.0,0.0,0.0,51.0,0.0,1.0,0.0,0.0,0.0,0.0,1.0,0.0,0.0,0.026726961135864258,3667.709413832169,0.0,0.0
sha1sum.strace,strace_logs/sha1sum.strace.log,7.0,15.0,0.0,0.0,0.0,0.0,17.0,0.0,1.0,0.0,0.0,0.0,0.0,1.0,0.0,0.0,0.013299942016601562,3008.531908791051,0.0,0.0
sha224sum.strace,strace_logs/sha224sum.strace.log,7.0,15.0,0.0,0.0,0.0,0.0,17.0,0.0,1.0,0.0,0.0,0.0,0.0,1.0,0.0,0.0,0.009943008422851562,4023.927297141761,0.0,0.0
sha256sum.strace,strace_logs/sha256sum.strace.log,7.0,15.0,0.0,0.0,0.0,0.0,17.0,0.0,1.0,0.0,0.0,0.0,0.0,1.0,0.0,0.0,0.01032114028930664,3876.5407715407714,0.0,0.0
sha384sum.strace,strace_logs/sha384sum.strace.log,7.0,15.0,0.0,0.0,0.0,0.0,17.0,0.0,1.0,0.0,0.0,0.0,0.0,1.0,0.0,0.0,0.009833097457885742,4068.894188104648,0.0,0.0
sha512sum.strace,strace_logs/sha512sum.strace.log,7.0,15.0,0.0,0.0,0.0,0.0,17.0,0.0,1.0,0.0,0.0,0.0,0.0,1.0,0.0,0.0,0.01689314842224121,2368.823865641098,0.0,0.0
shapeclustering.strace,strace_logs/shapeclustering.strace.log,32.0,89.0,0.0,0.0,0.0,0.0,166.0,0.0,1.0,0.0,0.0,0.0,0.0,1.0,0.0,0.0,0.054122209548950195,5322.2905090196255,0.0,0.0
shred.strace,strace_logs/shred.strace.log,11.0,19.0,0.0,0.0,0.0,0.0,17.0,0.0,1.0,0.0,0.0,0.0,0.0,1.0,0.0,0.0,0.010898828506469727,4405.143066523746,0.0,0.0
shuf.strace,strace_logs/shuf.strace.log,6.0,15.0,0.0,0.0,0.0,0.0,17.0,0.0,1.0,0.0,0.0,0.0,0.0,1.0,0.0,0.0,0.009849071502685547,3960.764124909223,0.0,0.0
skill.strace,strace_logs/skill.strace.log,43.0,42.0,0.0,0.0,0.0,0.0,64.0,0.0,1.0,6.0,0.0,0.0,0.0,1.0,0.0,0.0,0.028446197509765625,5485.037012203299,0.0,0.0
slabtop.strace,strace_logs/slabtop.strace.log,97.0,72.0,0.0,0.0,0.0,0.0,75.0,0.0,1.0,6.0,0.0,0.0,0.0,1.0,0.0,0.0,0.06491804122924805,3867.413638600589,0.0,0.0
sleep.strace,strace_logs/sleep.strace.log,11.0,19.0,0.0,0.0,0.0,0.0,17.0,0.0,1.0,0.0,0.0,0.0,0.0,1.0,0.0,0.0,0.011512041091918945,4170.547312830072,0.0,0.0
socat.strace,strace_logs/socat.strace.log,20.0,47.0,0.0,0.0,0.0,1.0,87.0,0.0,1.0,0.0,0.0,0.0,0.0,1.0,0.0,0.0,0.030358076095581055,5139.665556698683,0.0,0.0
soelim.strace,strace_logs/soelim.strace.log,10.0,18.0,0.0,0.0,0.0,0.0,34.0,0.0,1.0,0.0,0.0,0.0,0.0,1.0,0.0,0.0,0.03036808967590332,2075.546034088857,0.0,0.0
sort.strace,strace_logs/sort.strace.log,6.0,15.0,0.0,0.0,0.0,0.0,19.0,0.0,1.0,0.0,0.0,0.0,0.0,1.0,0.0,0.0,0.014705896377563477,2788.9973411585415,0.0,0.0
split.strace,strace_logs/split.strace.log,6.0,14.0,0.0,0.0,0.0,0.0,18.0,0.0,1.0,0.0,0.0,0.0,0.0,1.0,0.0,0.0,0.007405996322631836,5267.003154878795,0.0,0.0
sponge.strace,strace_logs/sponge.strace.log,6.0,9.0,0.0,0.0,0.0,0.0,16.0,0.0,1.0,0.0,0.0,0.0,0.0,1.0,0.0,1.0,0.017192840576171875,1862.2398491235856,0.0,0.0
ss.strace,strace_logs/ss.strace.log,22.0,152.0,83.0,8.0,3.0,6.0,58.0,0.0,1.0,6.0,0.0,0.0,0.0,1.0,0.0,0.0,0.18659520149230957,1817.7669762610253,0.0,0.35319148936170214
ssh-add.strace,strace_logs/ssh-add.strace.log,12.0,15.0,0.0,0.0,0.0,0.0,26.0,0.0,1.0,0.0,0.0,0.0,0.0,1.0,0.0,0.0,0.0404360294342041,1336.4426919652597,0.0,0.0
ssh-agent.strace,strace_logs/ssh-agent.strace.log,11.0,21.0,3.0,0.0,0.0,2.0,26.0,1.0,1.0,2.0,0.0,0.0,0.0,1.0,0.0,0.0,0.025665998458862305,2611.457571225534,0.0,0.125
ssh-keygen.strace,strace_logs/ssh-keygen.strace.log,20.0,41.0,4.0,0.0,0.0,4.0,39.0,0.0,1.0,0.0,0.0,0.0,0.0,1.0,0.0,0.0,0.7074971199035645,155.06423140613953,0.0,0.08888888888888889
ssh-keyscan.strace,strace_logs/ssh-keyscan.strace.log,13.0,18.0,0.0,0.0,0.0,0.0,32.0,0.0,1.0,0.0,0.0,0.0,0.0,1.0,0.0,0.0,0.020307064056396484,3152.612651748186,0.0,0.0
ssh.strace,strace_logs/ssh.strace.log,27.0,63.0,4.0,0.0,0.0,4.0,88.0,0.0,1.0,0.0,0.0,0.0,0.0,1.0,0.0,0.0,0.043440818786621094,4305.7070755856075,0.0,0.05970149253731343
stat.strace,strace_logs/stat.strace.log,15.0,29.0,0.0,0.0,0.0,0.0,29.0,0.0,1.0,0.0,0.0,0.0,0.0,1.0,0.0,0.0,0.017023801803588867,4347.855118132291,0.0,0.0
stdbuf.strace,strace_logs/stdbuf.strace.log,11.0,19.0,0.0,0.0,0.0,0.0,17.0,0.0,1.0,0.0,0.0,0.0,0.0,1.0,0.0,0.0,0.010018110275268555,4792.322782550751,0.0,0.0
strace.strace,strace_logs/strace.strace.log,12.0,24.0,0.0,0.0,0.0,0.0,40.0,0.0,1.0,0.0,0.0,0.0,0.0,1.0,0.0,0.0,0.04076719284057617,1889.7736592783203,0.0,0.0
stty.strace,strace_logs/stty.strace.log,11.0,23.0,0.0,0.0,0.0,0.0,17.0,0.0,1.0,0.0,0.0,0.0,0.0,1.0,0.0,0.0,0.012533903121948242,4149.747560442069,0.0,0.0
su.strace,strace_logs/su.strace.log,108.0,358.0,48.0,0.0,0.0,21.0,216.0,1.0,2.0,6.0,0.0,0.0,0.0,1.0,0.0,0.0,0.21688413619995117,3505.175147689622,0.0,0.11822660098522167
sudo.strace,strace_logs/sudo.strace.log,116.0,152.0,21.0,1.0,2.0,12.0,71.0,0.0,1.0,2.0,0.0,0.0,0.0,1.0,0.0,0.0,0.07476687431335449,5056.714893413479,0.0,0.12138728323699421
sudoreplay.strace,strace_logs/sudoreplay.strace.log,14.0,47.0,0.0,0.0,0.0,0.0,29.0,0.0,1.0,0.0,0.0,0.0,0.0,1.0,0.0,0.0,0.021984100341796875,4140.355196946035,0.0,0.0
sum.strace,strace_logs/sum.strace.log,7.0,15.0,0.0,0.0,0.0,0.0,17.0,0.0,1.0,0.0,0.0,0.0,0.0,1.0,0.0,0.0,0.009890079498291016,4045.4568728605177,0.0,0.0
sync.strace,strace_logs/sync.strace.log,5.0,12.0,0.0,0.0,0.0,0.0,17.0,0.0,1.0,0.0,0.0,0.0,0.0,1.0,0.0,0.0,0.025364160537719727,1380.8997979038397,0.0,0.0
systemctl.strace,strace_logs/systemctl.strace.log,18.0,77.0,0.0,0.0,0.0,0.0,70.0,0.0,1.0,6.0,0.0,0.0,0.0,1.0,0.0,0.0,0.11797404289245605,1458.94783142927,0.0,0.0
systemd-analyze.strace,strace_logs/systemd-analyze.strace.log,30.0,109.0,0.0,0.0,0.0,0.0,141.0,0.0,1.0,6.0,0.0,0.0,0.0,1.0,0.0,0.0,0.054953813552856445,5223.567487949743,0.0,0.0
systemd-ask-password.strace,strace_logs/systemd-ask-password.strace.log,28.0,95.0,3.0,0.0,0.0,2.0,134.0,0.0,1.0,6.0,0.0,0.0,0.0,1.0,0.0,0.0,0.05224299430847168,5150.015740018163,0.0,0.030612244897959183
systemd-cat.strace,strace_logs/systemd-cat.strace.log,27.0,91.0,2.0,0.0,0.0,2.0,134.0,0.0,1.0,6.0,0.0,0.0,0.0,1.0,0.0,0.0,0.1421351432800293,1851.3516718722217,0.0,0.021505376344086023
systemd-cgls.strace,strace_logs/systemd-cgls.strace.log,64.0,168.0,0.0,0.0,0.0,0.0,135.0,0.0,1.0,6.0,0.0,0.0,0.0,1.0,0.0,0.0,0.08763408660888672,4268.745742238087,0.0,0.0
systemd-cgtop.strace,strace_logs/systemd-cgtop.strace.log,49.0,148.0,0.0,0.0,0.0,0.0,134.0,0.0,1.0,6.0,0.0,0.0,0.0,1.0,0.0,0.0,0.057288169860839844,5900.996470842836,0.0,0.0
systemd-cryptenroll.strace,strace_logs/systemd-cryptenroll.strace.log,34.0,112.0,0.0,0.0,0.0,0.0,174.0,0.0,1.0,6.0,0.0,0.0,0.0,1.0,0.0,0.0,0.06654000282287598,4915.337032272859,0.0,0.0
systemd-delta.strace,strace_logs/systemd-delta.strace.log,28.0,980.0,0.0,0.0,0.0,0.0,135.0,0.0,1.0,6.0,0.0,0.0,0.0,1.0,0.0,0.0,0.2385549545288086,4821.692164082145,0.0,0.0
systemd-detect-virt.strace,strace_logs/systemd-detect-virt.strace.log,35.0,105.0,0.0,0.0,0.0,0.0,134.0,0.0,1.0,6.0,0.0,0.0,0.0,1.0,0.0,0.0,0.07799911499023438,3603.6049787254856,0.0,0.0
systemd-escape.strace,strace_logs/systemd-escape.strace.log,27.0,90.0,0.0,0.0,0.0,0.0,134.0,0.0,1.0,6.0,0.0,0.0,0.0,1.0,0.0,0.0,0.13322687149047852,1937.5462621287988,0.0,0.0
systemd-id128.strace,strace_logs/systemd-id128.strace.log,27.0,90.0,0.0,0.0,0.0,0.0,134.0,0.0,1.0,6.0,0.0,0.0,0.0,1.0,0.0,0.0,0.20116782188415527,1283.5112763241636,0.0,0.0
systemd-inhibit.strace,strace_logs/systemd-inhibit.strace.log,27.0,91.0,6.0,0.0,0.0,2.0,134.0,0.0,1.0,6.0,0.0,0.0,0.0,1.0,0.0,0.0,0.042665958404541016,6258.91638074589,0.0,0.061855670103092786
systemd-machine-id-setup.strace,strace_logs/systemd-machine-id-setup.strace.log,29.0,93.0,0.0,0.0,0.0,0.0,134.0,0.0,1.0,6.0,0.0,0.0,0.0,1.0,0.0,0.0,0.18242692947387695,1442.6731167843336,0.0,0.0
systemd-mount.strace,strace_logs/systemd-mount.strace.log,27.0,91.0,0.0,0.0,0.0,0.0,134.0,0.0,1.0,6.0,0.0,0.0,0.0,1.0,0.0,0.0,0.06676387786865234,3880.3432656734326,0.0,0.0
systemd-notify.strace,strace_logs/systemd-notify.strace.log,28.0,91.0,0.0,0.0,0.0,0.0,134.0,0.0,1.0,6.0,0.0,0.0,0.0,1.0,0.0,0.0,0.07552289962768555,3443.664427369099,0.0,0.0
systemd-path.strace,strace_logs/systemd-path.strace.log,28.0,101.0,0.0,0.0,0.0,0.0,134.0,0.0,1.0,6.0,0.0,0.0,0.0,1.0,0.0,0.0,0.05195784568786621,5197.52030267016,0.0,0.0
systemd-run.strace,strace_logs/systemd-run.strace.log,27.0,90.0,0.0,0.0,0.0,0.0,134.0,0.0,1.0,6.0,0.0,0.0,0.0,1.0,0.0,0.0,0.04163312911987305,6197.987962570581,0.0,0.0
systemd-socket-activate.strace,strace_logs/systemd-socket-activate.strace.log,27.0,90.0,0.0,0.0,0.0,0.0,134.0,0.0,1.0,6.0,0.0,0.0,0.0,1.0,0.0,0.0,0.1683189868927002,1533.803902654604,0.0,0.0
systemd-stdio-bridge.strace,strace_logs/systemd-stdio-bridge.strace.log,27.0,94.0,11.0,0.0,0.0,4.0,134.0,0.0,1.0,6.0,0.0,0.0,0.0,1.0,0.0,0.0,0.06333494186401367,4374.573131159513,0.0,0.10476190476190476
systemd-sysext.strace,strace_logs/systemd-sysext.strace.log,28.0,105.0,0.0,0.0,0.0,0.0,134.0,0.0,1.0,6.0,0.0,0.0,0.0,1.0,0.0,0.0,0.050015926361083984,5479.25502664671,0.0,0.0
systemd-sysusers.strace,strace_logs/systemd-sysusers.strace.log,47.0,183.0,4.0,0.0,0.0,4.0,134.0,0.0,1.0,6.0,0.0,0.0,0.0,1.0,0.0,0.0,0.1193079948425293,3177.652164008201,0.0,0.0213903743315508
systemd-tmpfiles.strace,strace_logs/systemd-tmpfiles.strace.log,27.0,91.0,0.0,0.0,0.0,0.0,134.0,0.0,1.0,6.0,0.0,0.0,0.0,1.0,0.0,0.0,0.0426790714263916,6069.548151210274,0.0,0.0
systemd-tty-ask-password-agent.strace,strace_logs/systemd-tty-ask-password-agent.strace.log,34.0,113.0,2.0,0.0,0.0,2.0,135.0,0.0,1.0,6.0,0.0,0.0,0.0,1.0,0.0,0.0,0.13616013526916504,2152.878003211363,0.0,0.017391304347826087
tabs.strace,strace_logs/tabs.strace.log,9.0,20.0,0.0,0.0,0.0,0.0,21.0,0.0,1.0,0.0,0.0,0.0,0.0,1.0,0.0,0.0,0.024542808532714844,2079.0017874489995,0.0,0.0
tac.strace,strace_logs/tac.strace.log,9.0,22.0,0.0,0.0,0.0,0.0,17.0,0.0,1.0,0.0,0.0,0.0,0.0,1.0,0.0,1.0,0.011929988861083984,4108.296374755186,0.0,0.0
tail.strace,strace_logs/tail.strace.log,8.0,21.0,0.0,0.0,0.0,0.0,17.0,0.0,1.0,0.0,0.0,0.0,0.0,1.0,0.0,0.0,0.01197195053100586,3926.843151312383,0.0,0.0
tar.strace,strace_logs/tar.strace.log,16.0,32.0,0.0,0.0,0.0,0.0,35.0,0.0,1.0,0.0,0.0,0.0,0.0,1.0,0.0,0.0,0.022171974182128906,3789.5665620026666,0.0,0.0
taskset.strace,strace_logs/taskset.strace.log,11.0,19.0,0.0,0.0,0.0,0.0,17.0,0.0,1.0,0.0,0.0,0.0,0.0,1.0,0.0,0.0,0.012202978134155273,3934.4660336439833,0.0,0.0
tbl.strace,strace_logs/tbl.strace.log,10.0,18.0,0.0,0.0,0.0,0.0,34.0,0.0,1.0,0.0,0.0,0.0,0.0,1.0,0.0,0.0,0.04719686508178711,1335.8344194223016,0.0,0.0
tclsh8.6.strace,strace_logs/tclsh8.6.strace.log,20.0,36.0,4.0,0.0,0.0,4.0,38.0,0.0,1.0,0.0,0.0,0.0,0.0,1.0,0.0,0.0,0.06026196479797363,1710.2041446923329,0.0,0.1
tee.strace,strace_logs/tee.strace.log,8.0,20.0,0.0,0.0,0.0,0.0,17.0,0.0,1.0,0.0,0.0,0.0,0.0,1.0,0.0,0.0,0.01306009292602539,3523.1801453138123,0.0,0.0
tempfile.strace,strace_logs/tempfile.strace.log,7.0,10.0,0.0,0.0,0.0,0.0,16.0,0.0,1.0,0.0,0.0,0.0,0.0,1.0,0.0,0.0,0.008919954299926758,3812.678721300083,0.0,0.0
tesseract.strace,strace_logs/tesseract.strace.log,32.0,89.0,0.0,0.0,0.0,0.0,165.0,0.0,1.0,0.0,0.0,0.0,0.0,1.0,0.0,0.0,0.06768488883972168,4241.237443244062,0.0,0.0
test.strace,strace_logs/test.strace.log,5.0,12.0,0.0,0.0,0.0,0.0,17.0,0.0,1.0,0.0,0.0,0.0,0.0,1.0,0.0,0.0,0.011074066162109375,3161.537375129177,0.0,0.0
text2image.strace,strace_logs/text2image.strace.log,72.0,204.0,0.0,0.0,0.0,0.0,379.0,0.0,1.0,0.0,0.0,0.0,0.0,1.0,0.0,0.0,0.15989112854003906,4103.7917307852895,0.0,0.0
tic.strace,strace_logs/tic.strace.log,8.0,13.0,0.0,0.0,0.0,0.0,24.0,0.0,1.0,0.0,0.0,0.0,0.0,1.0,0.0,0.0,0.01042795181274414,4412.220997759386,0.0,0.0
timedatectl.strace,strace_logs/timedatectl.strace.log,30.0,104.0,0.0,0.0,0.0,0.0,141.0,0.0,1.0,6.0,0.0,0.0,0.0,1.0,0.0,0.0,0.061154842376708984,4612.245635511614,0.0,0.0
timeout.strace,strace_logs/timeout.strace.log,8.0,19.0,0.0,0.0,0.0,0.0,17.0,0.0,1.0,0.0,0.0,0.0,0.0,1.0,0.0,0.0,0.012259960174560547,3671.4850064174866,0.0,0.0
tload.strace,strace_logs/tload.strace.log,26.0,46.0,0.0,0.0,0.0,0.0,65.0,0.0,1.0,6.0,0.0,0.0,0.0,1.0,0.0,0.0,10.033926963806152,15.351310361280198,0.0,0.0
tmux.strace,strace_logs/tmux.strace.log,14.0,82.0,17.0,0.0,0.0,7.0,56.0,1.0,1.0,2.0,0.0,0.0,0.0,1.0,0.0,1.0,0.07056307792663574,2551.909133912009,0.0,0.1717171717171717
toe.strace,strace_logs/toe.strace.log,7.0,21.0,0.0,0.0,0.0,0.0,26.0,0.0,1.0,0.0,0.0,0.0,0.0,1.0,0.0,0.0,0.012336969375610352,4459.145134795633,0.0,0.0
top.strace,strace_logs/top.strace.log,34.0,98.0,0.0,0.0,0.0,0.0,77.0,0.0,1.0,6.0,0.0,0.0,0.0,1.0,0.0,0.0,0.05381894111633301,4014.456889333859,0.0,0.0
touch.strace,strace_logs/touch.strace.log,11.0,19.0,0.0,0.0,0.0,0.0,17.0,0.0,1.0,0.0,0.0,0.0,0.0,1.0,0.0,0.0,0.010591983795166016,4532.728987529825,0.0,0.0
tput.strace,strace_logs/tput.strace.log,10.0,19.0,0.0,0.0,0.0,0.0,21.0,0.0,1.0,0.0,0.0,0.0,0.0,1.0,0.0,0.0,0.013172149658203125,3872.80538662033,0.0,0.0
tr.strace,strace_logs/tr.strace.log,11.0,19.0,0.0,0.0,0.0,0.0,17.0,0.0,1.0,0.0,0.0,0.0,0.0,1.0,0.0,0.0,0.010892152786254883,4407.842333369815,0.0,0.0
tred.strace,strace_logs/tred.strace.log,8.0,14.0,0.0,0.0,0.0,0.0,26.0,0.0,1.0,0.0,0.0,0.0,0.0,1.0,0.0,0.0,0.010070085525512695,4866.897104434501,0.0,0.0
troff.strace,strace_logs/troff.strace.log,250.0,343.0,0.0,0.0,0.0,0.0,63.0,0.0,1.0,0.0,0.0,0.0,0.0,1.0,0.0,0.0,0.13718891143798828,4790.016787971053,0.0,0.0
true.strace,strace_logs/true.strace.log,5.0,7.0,0.0,0.0,0.0,0.0,14.0,0.0,1.0,0.0,0.0,0.0,0.0,1.0,0.0,0.0,0.0069081783294677734,3909.4109749784297,0.0,0.0
truncate.strace,strace_logs/truncate.strace.log,11.0,19.0,0.0,0.0,0.0,0.0,17.0,0.0,1.0,0.0,0.0,0.0,0.0,1.0,0.0,0.0,0.010378122329711914,4626.114107836155,0.0,0.0
tset.strace,strace_logs/tset.strace.log,8.0,11.0,0.0,0.0,0.0,0.0,19.0,0.0,1.0,0.0,0.0,0.0,0.0,1.0,0.0,0.0,0.015471935272216797,2521.693068696644,0.0,0.0
tsort.strace,strace_logs/tsort.strace.log,6.0,14.0,0.0,0.0,0.0,0.0,17.0,0.0,1.0,0.0,0.0,0.0,0.0,1.0,0.0,0.0,0.00932002067565918,4078.2441738507587,0.0,0.0
tty.strace,strace_logs/tty.strace.log,8.0,20.0,0.0,0.0,0.0,0.0,17.0,0.0,1.0,0.0,0.0,0.0,0.0,1.0,0.0,0.0,0.011780977249145508,3905.599680246089,0.0,0.0
uclampset.strace,strace_logs/uclampset.strace.log,8.0,20.0,0.0,0.0,0.0,0.0,17.0,0.0,1.0,0.0,0.0,0.0,0.0,1.0,0.0,0.0,0.009525060653686523,4830.365572826713,0.0,0.0
uconv.strace,strace_logs/uconv.strace.log,12.0,26.0,0.0,0.0,0.0,0.0,51.0,0.0,1.0,0.0,0.0,0.0,0.0,1.0,0.0,0.0,0.05549788475036621,1622.6834282032005,0.0,0.0
ul.strace,strace_logs/ul.strace.log,9.0,28.0,0.0,0.0,0.0,0.0,25.0,0.0,1.0,0.0,0.0,0.0,0.0,1.0,0.0,0.0,0.03979611396789551,1584.069142148493,0.0,0.0
ulockmgr_server.strace,strace_logs/ulockmgr_server.strace.log,6.0,7.0,0.0,0.0,0.0,0.0,14.0,0.0,1.0,0.0,0.0,0.0,0.0,1.0,0.0,0.0,0.006504058837890625,4306.0041055718475,0.0,0.0
umount.strace,strace_logs/umount.strace.log,17.0,35.0,0.0,0.0,0.0,0.0,42.0,0.0,1.0,0.0,0.0,0.0,0.0,1.0,0.0,0.0,0.020086050033569336,4730.650670053533,0.0,0.0
uname.strace,strace_logs/uname.strace.log,6.0,13.0,0.0,0.0,0.0,0.0,17.0,0.0,1.0,0.0,0.0,0.0,0.0,1.0,0.0,0.0,0.015246152877807617,2427.8417283062536,0.0,0.0
unexpand.strace,strace_logs/unexpand.strace.log,6.0,14.0,0.0,0.0,0.0,0.0,17.0,0.0,1.0,0.0,0.0,0.0,0.0,1.0,0.0,0.0,0.012083053588867188,3145.9003946329913,0.0,0.0
unflatten.strace,strace_logs/unflatten.strace.log,8.0,14.0,0.0,0.0,0.0,0.0,26.0,0.0,1.0,0.0,0.0,0.0,0.0,1.0,0.0,0.0,0.00955510139465332,5129.1507098834745,0.0,0.0
unicharset_extractor.strace,strace_logs/unicharset_extractor.strace.log,38.0,91.0,0.0,0.0,0.0,0.0,171.0,0.0,1.0,0.0,0.0,0.0,0.0,1.0,0.0,0.0,0.06699919700622559,4493.591157055673,0.0,0.0
uniq.strace,strace_logs/uniq.strace.log,6.0,14.0,0.0,0.0,0.0,0.0,17.0,0.0,1.0,0.0,0.0,0.0,0.0,1.0,0.0,0.0,0.011153936386108398,3407.868990872753,0.0,0.0
unlink.strace,strace_logs/unlink.strace.log,11.0,19.0,0.0,0.0,0.0,0.0,17.0,0.0,1.0,0.0,0.0,0.0,0.0,1.0,0.0,0.0,0.010336875915527344,4644.569332964295,0.0,0.0
unpigz.strace,strace_logs/unpigz.strace.log,13.0,18.0,0.0,0.0,0.0,0.0,36.0,0.0,1.0,0.0,0.0,0.0,0.0,1.0,0.0,0.0,0.04184293746948242,1626.124910257433,0.0,0.0
unrar-nonfree.strace,strace_logs/unrar-nonfree.strace.log,210.0,34.0,0.0,0.0,0.0,0.0,37.0,0.0,1.0,0.0,0.0,0.0,0.0,1.0,0.0,0.0,0.044428110122680664,6348.332785961523,0.0,0.0
unshare.strace,strace_logs/unshare.strace.log,29.0,103.0,4.0,0.0,0.0,4.0,74.0,2.0,4.0,0.0,0.0,0.0,0.0,1.0,0.0,0.0,0.07959794998168945,2764.890276704467,0.0,0.037383177570093455
unzip.strace,strace_logs/unzip.strace.log,11.0,13.0,0.0,0.0,0.0,0.0,22.0,0.0,1.0,0.0,0.0,0.0,0.0,1.0,0.0,0.0,0.02627396583557129,1789.8430050544007,0.0,0.0
unzipsfx.strace,strace_logs/unzipsfx.strace.log,18.0,17.0,0.0,0.0,0.0,0.0,17.0,0.0,1.0,0.0,0.0,0.0,0.0,1.0,0.0,0.0,0.013714075088500977,3865.642687018654,0.0,0.0
update-alternatives.strace,strace_logs/update-alternatives.strace.log,12.0,17.0,0.0,0.0,0.0,0.0,17.0,0.0,1.0,0.0,0.0,0.0,0.0,1.0,0.0,0.0,0.01568603515625,2997.295719844358,0.0,0.0
update-mime-database.strace,strace_logs/update-mime-database.strace.log,16.0,37.0,0.0,0.0,0.0,0.0,77.0,0.0,1.0,0.0,0.0,0.0,0.0,1.0,0.0,0.0,0.0948331356048584,1382.3737061889235,0.0,0.0
uptime.strace,strace_logs/uptime.strace.log,22.0,58.0,0.0,0.0,0.0,0.0,65.0,0.0,1.0,6.0,0.0,0.0,0.0,1.0,0.0,0.0,0.030278921127319336,5020.993921211978,0.0,0.0
users.strace,strace_logs/users.strace.log,5.0,16.0,0.0,0.0,0.0,0.0,17.0,0.0,1.0,0.0,0.0,0.0,0.0,1.0,0.0,0.0,0.013672113418579102,2853.5216845409363,0.0,0.0
utmpdump.strace,strace_logs/utmpdump.strace.log,9.0,20.0,0.0,0.0,0.0,0.0,17.0,0.0,1.0,0.0,0.0,0.0,0.0,1.0,0.0,0.0,0.012408018112182617,3788.8732586515,0.0,0.0
vdir.strace,strace_logs/vdir.strace.log,18.0,59.0,8.0,0.0,0.0,8.0,30.0,0.0,1.0,0.0,0.0,0.0,0.0,1.0,0.0,0.0,0.031884193420410156,3890.074387581132,0.0,0.11940298507462686
vim.basic.strace,strace_logs/vim.basic.strace.log,436.0,591.0,4.0,2.0,0.0,4.0,116.0,0.0,1.0,0.0,0.0,0.0,0.0,1.0,0.0,0.0,2.4918341636657715,464.11268094275374,0.0,0.0067226890756302525
vmstat.strace,strace_logs/vmstat.strace.log,26.0,61.0,0.0,0.0,0.0,0.0,65.0,0.0,1.0,6.0,0.0,0.0,0.0,1.0,0.0,0.0,0.034828901290893555,4566.174154419063,0.0,0.0
w.strace,strace_logs/w.strace.log,65.0,179.0,4.0,0.0,0.0,4.0,67.0,0.0,1.0,6.0,0.0,0.0,0.0,1.0,0.0,0.0,0.059613943099975586,5469.519326984991,0.0,0.02185792349726776
wall.strace,strace_logs/wall.strace.log,13.0,37.0,4.0,0.0,0.0,4.0,17.0,0.0,1.0,0.0,0.0,0.0,0.0,1.0,0.0,0.0,0.015582084655761719,4878.396168676173,0.0,0.0975609756097561
watch.strace,strace_logs/watch.strace.log,26.0,25.0,0.0,0.0,0.0,0.0,28.0,0.0,1.0,0.0,0.0,0.0,0.0,1.0,0.0,0.0,0.02279496192932129,3510.547427543432,0.0,0.0
watchgnupg.strace,strace_logs/watchgnupg.strace.log,6.0,7.0,0.0,0.0,0.0,0.0,14.0,0.0,1.0,0.0,0.0,0.0,0.0,1.0,0.0,0.0,0.007921934127807617,3535.490384326,0.0,0.0
wc.strace,strace_logs/wc.strace.log,9.0,22.0,0.0,0.0,0.0,0.0,17.0,0.0,1.0,0.0,0.0,0.0,0.0,1.0,0.0,0.0,0.012562990188598633,3901.3453210103808,0.0,0.0
wdctl.strace,strace_logs/wdctl.strace.log,11.0,28.0,0.0,0.0,0.0,0.0,23.0,0.0,1.0,0.0,0.0,0.0,0.0,1.0,0.0,0.0,0.012978076934814453,4855.340155050152,0.0,0.0
wget.strace,strace_logs/wget.strace.log,22.0,47.0,0.0,0.0,0.0,0.0,60.0,0.0,1.0,0.0,0.0,0.0,0.0,1.0,0.0,0.0,0.024477005004882812,5312.1073014883505,0.0,0.0
whatis.strace,strace_logs/whatis.strace.log,13.0,55.0,0.0,0.0,0.0,0.0,46.0,0.0,1.0,2.0,0.0,0.0,0.0,1.0,0.0,0.0,0.058477163314819336,2001.7810462712673,0.0,0.0
whereis.strace,strace_logs/whereis.strace.log,11.0,19.0,0.0,0.0,0.0,0.0,17.0,0.0,1.0,0.0,0.0,0.0,0.0,1.0,0.0,0.0,0.011636972427368164,4125.784199635314,0.0,0.0
who.strace,strace_logs/who.strace.log,5.0,16.0,0.0,0.0,0.0,0.0,17.0,0.0,1.0,0.0,0.0,0.0,0.0,1.0,0.0,0.0,0.009144067764282227,4266.060256042552,0.0,0.0
whoami.strace,strace_logs/whoami.strace.log,9.0,24.0,4.0,0.0,0.0,4.0,17.0,0.0,1.0,0.0,0.0,0.0,0.0,1.0,0.0,0.0,0.01182413101196289,4990.79586240271,0.0,0.14285714285714285
wish8.6.strace,strace_logs/wish8.6.strace.log,41.0,89.0,4.0,0.0,0.0,4.0,139.0,0.0,1.0,0.0,0.0,0.0,0.0,1.0,0.0,0.0,0.10590982437133789,2625.874525570778,0.0,0.043010752688172046
wordlist2dawg.strace,strace_logs/wordlist2dawg.strace.log,32.0,89.0,0.0,0.0,0.0,0.0,165.0,0.0,1.0,0.0,0.0,0.0,0.0,1.0,0.0,0.0,0.09344601631164551,3072.291975067676,0.0,0.0
write.ul.strace,strace_logs/write.ul.strace.log,8.0,19.0,0.0,0.0,0.0,0.0,17.0,0.0,1.0,0.0,0.0,0.0,0.0,1.0,0.0,0.0,0.009857892990112305,4565.870002660411,0.0,0.0
x86_64-linux-gnu-addr2line.strace,strace_logs/x86_64-linux-gnu-addr2line.strace.log,12.0,27.0,0.0,0.0,0.0,0.0,30.0,0.0,1.0,0.0,0.0,0.0,0.0,1.0,0.0,0.0,0.04324698448181152,1619.609964110678,0.0,0.0
x86_64-linux-gnu-ar.strace,strace_logs/x86_64-linux-gnu-ar.strace.log,72.0,26.0,0.0,0.0,0.0,0.0,30.0,0.0,1.0,0.0,0.0,0.0,0.0,1.0,0.0,0.0,0.05723214149475098,2254.978212781557,0.0,0.0
x86_64-linux-gnu-as.strace,strace_logs/x86_64-linux-gnu-as.strace.log,16.0,32.0,0.0,0.0,0.0,0.0,36.0,0.0,1.0,0.0,0.0,0.0,0.0,1.0,0.0,0.0,0.044484853744506836,1911.762716860593,0.0,0.0
x86_64-linux-gnu-c++filt.strace,strace_logs/x86_64-linux-gnu-c++filt.strace.log,8.0,14.0,0.0,0.0,0.0,0.0,28.0,0.0,1.0,0.0,0.0,0.0,0.0,1.0,0.0,0.0,0.010967016220092773,4651.307702341355,0.0,0.0
x86_64-linux-gnu-cpp-11.strace,strace_logs/x86_64-linux-gnu-cpp-11.strace.log,24.0,107.0,0.0,0.0,0.0,0.0,80.0,0.0,1.0,0.0,0.0,0.0,0.0,1.0,0.0,0.0,0.17804288864135742,1191.7243339948525,0.0,0.0
x86_64-linux-gnu-dwp.strace,strace_logs/x86_64-linux-gnu-dwp.strace.log,12.0,24.0,0.0,0.0,0.0,0.0,28.0,0.0,1.0,0.0,0.0,0.0,0.0,1.0,0.0,0.0,0.02332901954650879,2787.2293942707643,0.0,0.0
x86_64-linux-gnu-elfedit.strace,strace_logs/x86_64-linux-gnu-elfedit.strace.log,13.0,17.0,0.0,0.0,0.0,0.0,17.0,0.0,1.0,0.0,0.0,0.0,0.0,1.0,0.0,0.0,0.01862502098083496,2578.178304893816,0.0,0.0
x86_64-linux-gnu-g++-11.strace,strace_logs/x86_64-linux-gnu-g++-11.strace.log,9.0,26.0,0.0,0.0,0.0,0.0,18.0,0.0,1.0,0.0,0.0,0.0,0.0,1.0,0.0,0.0,0.02614593505859375,2066.3306098628536,0.0,0.0
x86_64-linux-gnu-gcc-11.strace,strace_logs/x86_64-linux-gnu-gcc-11.strace.log,9.0,26.0,0.0,0.0,0.0,0.0,18.0,0.0,1.0,0.0,0.0,0.0,0.0,1.0,0.0,0.0,0.013602972030639648,3970.720725615634,0.0,0.0
x86_64-linux-gnu-gcc-ar-11.strace,strace_logs/x86_64-linux-gnu-gcc-ar-11.strace.log,78.0,46.0,0.0,0.0,0.0,0.0,46.0,0.0,1.0,0.0,0.0,0.0,0.0,1.0,0.0,0.0,0.034291982650756836,4987.588315453553,0.0,0.0
x86_64-linux-gnu-gcc-nm-11.strace,strace_logs/x86_64-linux-gnu-gcc-nm-11.strace.log,18.0,48.0,0.0,0.0,0.0,0.0,45.0,0.0,1.0,0.0,0.0,0.0,0.0,1.0,0.0,0.0,0.02541804313659668,4407.318747596402,0.0,0.0
x86_64-linux-gnu-gcc-ranlib-11.strace,strace_logs/x86_64-linux-gnu-gcc-ranlib-11.strace.log,12.0,38.0,0.0,0.0,0.0,0.0,44.0,0.0,1.0,0.0,0.0,0.0,0.0,1.0,0.0,0.0,0.05857396125793457,1622.881087769714,0.0,0.0
x86_64-linux-gnu-gcov-11.strace,strace_logs/x86_64-linux-gnu-gcov-11.strace.log,37.0,20.0,0.0,0.0,0.0,0.0,23.0,0.0,1.0,0.0,0.0,0.0,0.0,1.0,0.0,0.0,0.021316051483154297,3800.9532917253878,0.0,0.0
x86_64-linux-gnu-gcov-dump-11.strace,strace_logs/x86_64-linux-gnu-gcov-dump-11.strace.log,7.0,17.0,0.0,0.0,0.0,0.0,17.0,0.0,1.0,0.0,0.0,0.0,0.0,1.0,0.0,0.0,0.009203910827636719,4564.277587814734,0.0,0.0
x86_64-linux-gnu-gcov-tool-11.strace,strace_logs/x86_64-linux-gnu-gcov-tool-11.strace.log,28.0,17.0,0.0,0.0,0.0,0.0,17.0,0.0,1.0,0.0,0.0,0.0,0.0,1.0,0.0,0.0,0.017194032669067383,3665.061899413453,0.0,0.0
x86_64-linux-gnu-gfortran-11.strace,strace_logs/x86_64-linux-gnu-gfortran-11.strace.log,9.0,26.0,0.0,0.0,0.0,0.0,18.0,0.0,1.0,0.0,0.0,0.0,0.0,1.0,0.0,0.0,0.01601696014404297,3372.426257814826,0.0,0.0
x86_64-linux-gnu-gprof.strace,strace_logs/x86_64-linux-gnu-gprof.strace.log,10.0,20.0,0.0,0.0,0.0,0.0,29.0,0.0,1.0,0.0,0.0,0.0,0.0,1.0,0.0,0.0,0.013947010040283203,4302.997333242162,0.0,0.0
x86_64-linux-gnu-ld.bfd.strace,strace_logs/x86_64-linux-gnu-ld.bfd.strace.log,12.0,29.0,0.0,0.0,0.0,0.0,35.0,0.0,1.0,0.0,0.0,0.0,0.0,1.0,0.0,0.0,0.02519702911376953,3056.915824533515,0.0,0.0
x86_64-linux-gnu-ld.gold.strace,strace_logs/x86_64-linux-gnu-ld.gold.strace.log,12.0,25.0,0.0,0.0,0.0,0.0,28.0,0.0,1.0,0.0,0.0,0.0,0.0,1.0,0.0,1.0,0.0572659969329834,1153.5163890403887,0.0,0.0
x86_64-linux-gnu-lto-dump-11.strace,strace_logs/x86_64-linux-gnu-lto-dump-11.strace.log,14.0,39.0,0.0,0.0,0.0,0.0,64.0,0.0,1.0,0.0,0.0,0.0,0.0,1.0,0.0,0.0,0.19138503074645996,617.5581474149991,0.0,0.0
x86_64-linux-gnu-nm.strace,strace_logs/x86_64-linux-gnu-nm.strace.log,26.0,61.0,0.0,0.0,0.0,0.0,56.0,0.0,1.0,0.0,0.0,0.0,0.0,1.0,0.0,0.0,0.0435788631439209,3305.3542123720476,0.0,0.0
x86_64-linux-gnu-objcopy.strace,strace_logs/x86_64-linux-gnu-objcopy.strace.log,39.0,26.0,0.0,0.0,0.0,0.0,30.0,0.0,1.0,0.0,0.0,0.0,0.0,1.0,0.0,0.0,0.01678609848022461,5720.018038235377,0.0,0.0
x86_64-linux-gnu-objdump.strace,strace_logs/x86_64-linux-gnu-objdump.strace.log,43.0,32.0,0.0,0.0,0.0,0.0,40.0,0.0,1.0,0.0,0.0,0.0,0.0,1.0,0.0,0.0,0.023903846740722656,4853.775423897866,0.0,0.0
x86_64-linux-gnu-ranlib.strace,strace_logs/x86_64-linux-gnu-ranlib.strace.log,39.0,26.0,0.0,0.0,0.0,0.0,30.0,0.0,1.0,0.0,0.0,0.0,0.0,1.0,0.0,0.0,0.017336130142211914,5538.568027725441,0.0,0.0
x86_64-linux-gnu-readelf.strace,strace_logs/x86_64-linux-gnu-readelf.strace.log,72.0,23.0,0.0,0.0,0.0,0.0,28.0,0.0,1.0,0.0,0.0,0.0,0.0,1.0,0.0,0.0,0.02611684799194336,4748.893009074145,0.0,0.0
x86_64-linux-gnu-size.strace,strace_logs/x86_64-linux-gnu-size.strace.log,12.0,27.0,0.0,0.0,0.0,0.0,30.0,0.0,1.0,0.0,0.0,0.0,0.0,1.0,0.0,0.0,0.014106035232543945,4963.414941265951,0.0,0.0
x86_64-linux-gnu-strings.strace,strace_logs/x86_64-linux-gnu-strings.strace.log,8.0,20.0,0.0,0.0,0.0,0.0,30.0,0.0,1.0,0.0,0.0,0.0,0.0,1.0,0.0,0.0,0.011507034301757812,5128.2985247803745,0.0,0.0
x86_64-linux-gnu-strip.strace,strace_logs/x86_64-linux-gnu-strip.strace.log,39.0,26.0,0.0,0.0,0.0,0.0,30.0,0.0,1.0,0.0,0.0,0.0,0.0,1.0,0.0,0.0,0.027100086212158203,3543.424154980381,0.0,0.0
xargs.strace,strace_logs/xargs.strace.log,12.0,34.0,0.0,0.0,0.0,0.0,35.0,1.0,5.0,0.0,0.0,0.0,0.0,1.0,0.0,0.0,0.026510000228881836,3282.7804318694857,0.0,0.0
xauth.strace,strace_logs/xauth.strace.log,15.0,40.0,0.0,0.0,0.0,0.0,60.0,0.0,1.0,0.0,0.0,0.0,0.0,1.0,0.0,1.0,0.02586197853088379,4486.349017727914,0.0,0.0
xkbbell.strace,strace_logs/xkbbell.strace.log,12.0,25.0,0.0,0.0,0.0,0.0,48.0,0.0,1.0,0.0,0.0,0.0,0.0,1.0,0.0,0.0,0.016193866729736328,5311.65257206796,0.0,0.0
xkbcomp.strace,strace_logs/xkbcomp.strace.log,14.0,28.0,0.0,0.0,0.0,0.0,56.0,0.0,1.0,0.0,0.0,0.0,0.0,1.0,0.0,0.0,0.02302694320678711,4300.311424489035,0.0,0.0
xkbevd.strace,strace_logs/xkbevd.strace.log,14.0,30.0,0.0,0.0,0.0,0.0,56.0,0.0,1.0,0.0,0.0,0.0,0.0,1.0,0.0,0.0,0.020570039749145508,4911.053710722441,0.0,0.0
xkbprint.strace,strace_logs/xkbprint.strace.log,15.0,28.0,0.0,0.0,0.0,0.0,54.0,0.0,1.0,0.0,0.0,0.0,0.0,1.0,0.0,0.0,0.02042102813720703,4799.974828375286,0.0,0.0
xkbvleds.strace,strace_logs/xkbvleds.strace.log,22.0,50.0,0.0,0.0,0.0,0.0,96.0,0.0,1.0,0.0,0.0,0.0,0.0,1.0,0.0,0.0,0.11488914489746094,1471.983182535071,0.0,0.0
xkbwatch.strace,strace_logs/xkbwatch.strace.log,22.0,50.0,0.0,0.0,0.0,0.0,96.0,0.0,1.0,0.0,0.0,0.0,0.0,1.0,0.0,0.0,0.027253150939941406,6202.117822024705,0.0,0.0
xxd.strace,strace_logs/xxd.strace.log,6.0,10.0,0.0,0.0,0.0,0.0,16.0,0.0,1.0,0.0,0.0,0.0,0.0,1.0,0.0,0.0,0.006922006607055664,4768.403713016223,0.0,0.0
xz.strace,strace_logs/xz.strace.log,10.0,23.0,0.0,0.0,0.0,0.0,26.0,0.0,1.0,0.0,0.0,0.0,0.0,1.0,0.0,0.0,0.02014613151550293,2979.239269103776,0.0,0.0
yes.strace,strace_logs/yes.strace.log,95476.0,10.0,0.0,0.0,0.0,0.0,17.0,0.0,1.0,0.0,0.0,0.0,0.0,1.0,0.0,0.0,14.993172883987427,6370.832505699805,0.0,0.0
zdump.strace,strace_logs/zdump.strace.log,5.0,11.0,0.0,0.0,0.0,0.0,17.0,0.0,1.0,0.0,0.0,0.0,0.0,1.0,0.0,0.0,0.008370161056518555,4063.048480360042,0.0,0.0
zip.strace,strace_logs/zip.strace.log,15.0,26.0,0.0,0.0,0.0,0.0,23.0,0.0,1.0,0.0,0.0,0.0,0.0,1.0,0.0,0.0,0.018564224243164062,3502.3582656940307,0.0,0.0
zipcloak.strace,strace_logs/zipcloak.strace.log,6.0,11.0,0.0,0.0,0.0,0.0,17.0,0.0,1.0,0.0,0.0,0.0,0.0,1.0,0.0,0.0,0.013451099395751953,2603.0177957389487,0.0,0.0
zipinfo.strace,strace_logs/zipinfo.strace.log,9.0,13.0,0.0,0.0,0.0,0.0,22.0,0.0,1.0,0.0,0.0,0.0,0.0,1.0,0.0,0.0,0.02329111099243164,1933.067560651039,0.0,0.0
zipnote.strace,strace_logs/zipnote.strace.log,6.0,11.0,0.0,0.0,0.0,0.0,17.0,0.0,1.0,0.0,0.0,0.0,0.0,1.0,0.0,0.0,0.007399082183837891,4731.316427144422,0.0,0.0
zipsplit.strace,strace_logs/zipsplit.strace.log,6.0,11.0,0.0,0.0,0.0,0.0,17.0,0.0,1.0,0.0,0.0,0.0,0.0,1.0,0.0,0.0,0.00733494758605957,4772.676905574516,0.0,0.0
